Wnt3_Fzd6,0.0
Wnt3_Egfr,0.0
Wnt3_Fzd2,0.0
Wnt3_Lrp5,0.0
Wnt3_Fzd1,0.0
Wnt3_Fzd3,0.0
Wnt3_Fzd8,0.0
Wnt3_Ror1,0.0
Wnt3_Lrp6,0.0
Wnt3_Ror2,0.0
Wnt3_Fzd5,0.0
Wnt3_Fzd7,0.0
Wnt9a_Egfr,0.00018072651985695328
Wnt9a_Fzd7,3.0670054583097756e-05
Wnt9a_Fzd9,0.0
Wnt9a_Fzd4,0.00018421795595708514
Fgf23_Fgfr1,0.0
Fgf23_Fgfr4,0.0
Fgf23_Fgfr2,0.0
Fgf23_Fgfr3,0.0
Fgf23_Kl,0.0
Fgf6_Fgfr1,0.0
Fgf6_Fgfr4,0.0
Fgf6_Fgfr2,0.0
Fgf6_Fgfr3,0.0
Ccl2_Ccr4,0.0
Ccl2_Ccr2,0.00013244126043038905
Ccl2_Ackr1,2.082549093417792e-06
Ccl2_Ackr2,1.630591630591587e-05
Ccl12_Ccr4,0.0
Ccl12_Ccr2,6.446256038647275e-05
Cdh1_Egfr,0.06790045956458982
Cdh1_Fgfr1,0.04941911702428022
Cdh1_Itgb7,0.006509307751427274
Cdh1_Ptprj,0.10525914815860396
Cdh1_Itgae,0.001336511857707447
Cdh1_Ptprm,0.010699166352970682
Cdh1_Igf1r,0.14315173434657014
Cdh1_Klrg1,0.0
Ccl11_Ccr2,0.00012423693456301967
Ccl11_Ackr2,1.529581529581487e-05
Ccl11_Ccr5,0.000126730817491685
Ccl11_Cxcr3,3.990212685864298e-06
Ccl11_Ccr3,0.0
Ccl11_Ackr4,2.7848359370093498e-06
Pdgfb_Lrp1,0.014965805179120238
Pdgfb_Pdgfra,0.0050694405232448595
Pdgfb_Pdgfrb,0.011295158494886656
Fasl_Fas,0.0
Il4_Il4ra,0.0
Il4_Il2ra,0.0
Il4_Tlr2,0.0
Il4_Il2rg,0.0
Il4_Il13ra1,0.0
Il4_Il13ra2,0.0
Ccl3_Ackr2,0.0
Ccl3_Ccr5,0.0
Ccl3_Ccr3,0.0
Ccl3_Ccr1,0.0
Icam4_Itgav,0.0
Icam4_Itgam,0.0
S100a4_Egfr,0.0043449667482276045
S100a4_Erbb2,0.007298476221845722
Icam2_Itgam,0.00032379383901122856
Icam2_Itgal,0.0004481695840391482
Icam2_Itgb2,0.0005511791047117102
Efnb2_Ephb2,0.00126115189158667
Efnb2_Epha3,0.00021287408243929776
Efnb2_Epha4,0.00028204404291360714
Efnb2_Ephb3,0.0009542631281761699
Efnb2_Epha7,0.0003458498023715392
Efnb2_Ephb4,0.003954263128176168
Efnb2_Epha6,1.0728402032746932e-05
Efnb2_Ephb6,0.00045793337097684413
Efnb2_Ephb1,0.0002300959909655525
Sost_Lrp5,0.0
Sost_Lrp6,0.0
Col1a1_Itgb1,0.7100736930641773
Col1a1_Cd44,0.04315006038647338
Col1a1_Cd93,0.0869446169772255
Il16_Grin2c,2.6999811782419704e-05
Il16_Kcnj4,1.5394629525064288e-06
Il16_Grin2d,4.002603676516651e-05
Il16_Kcna3,0.0
Il16_Kcnd2,2.427614655875393e-05
Il16_Kcnj15,0.0196295736871823
Il16_Kcnd1,0.00012895962732919147
Il16_Cd4,7.460474308299491e-06
Il16_Kcnj10,0.0024263120333772406
Angptl4_Gpihbp1,0.05284688852813829
Bmp8b_Acvr2b,0.0
Bmp8b_Bmpr1b,0.0
Bmp8b_Acvr2a,0.0
Bmp8b_Tgfbr2,0.0
Bmp8b_Bmpr2,0.0
Bmp8b_Bmpr1a,0.0
Tgfb1_Itgb1,0.06658782349896421
Tgfb1_Tgfbr2,0.015797774327122045
Tgfb1_Tgfbr1,0.01761969461697709
Tgfb1_Eng,0.04194705831607956
Tgfb1_Sdc2,0.010007889061421632
Tgfb1_Tgfbr3,0.004295013802622493
Tgfb1_Itgb8,0.00838580486542441
Tgfb1_Acvrl1,0.00927288216011036
Shh_Cdon,0.00018781448020578308
Shh_Pvr,0.000961572244180936
Shh_Ptch1,0.0007523237028671741
Shh_Lrp2,0.02640403961980037
Shh_Hhip,2.273668360624569e-05
Shh_Gpc1,0.001675054112554108
Shh_Gpc6,3.599974904322398e-05
Shh_Cav1,0.0015187394127611467
Shh_Gas1,0.0012448334274421172
Shh_Ptch2,0.00022712999560825492
Shh_Smo,0.0021331035510383186
Pspn_Gfra4,0.0
Pspn_Ret,0.0
Lamb1_Itgb1,0.40049120553359385
Lamb1_Itga6,0.13343843873517702
Efna2_Epha3,4.730535165317716e-06
Efna2_Epha4,6.267645398080143e-06
Efna2_Epha7,7.685551163811961e-06
Efna2_Epha6,2.384089340610423e-07
Efna2_Epha10,0.0
Efna2_Epha8,0.0
Efna2_Epha1,1.5107597716293143e-05
Efna2_Epha2,4.798293493945646e-05
Efna2_Epha5,0.0
Ebi3_Il6st,0.00201941307484782
Ebi3_Il27ra,8.314511575380995e-06
Comp_Itgav,0.0
Comp_Notch1,0.0
Comp_Notch3,0.0
Comp_Cd47,0.0
Comp_Itga7,0.0
Comp_Cd36,0.0
Tgfb3_Tgfbr2,0.0027579380764163187
Tgfb3_Tgfbr1,0.0030760046113306747
Tgfb3_Eng,0.007323018225735532
Tgfb3_Tgfbr3,0.0007498133509003066
Tgfb3_Acvr1,0.00032810715854194043
Gdf15_Egfr,0.0032304865424430565
Gdf15_Tgfbr2,0.005452329192546555
Gdf15_Tgfbr1,0.006081133540372633
Gdf15_Ret,3.078416149068043e-05
Gdf15_Gfral,0.0
Calr_Lrp1,0.17870728519668583
Calr_Scarf1,0.0150100672877846
Calr_Mpl,0.0002106107660454503
Efnb3_Ephb2,0.0
Efnb3_Epha4,0.0
Efnb3_Ephb3,0.0
Efnb3_Ephb6,0.0
Efnb3_Ephb1,0.0
Sst_Sstr3,0.0
Sst_Sstr2,0.0
Sst_Sstr4,0.0
Sst_Sstr5,0.0
Sst_Sstr1,0.0
Pgf_Egfr,0.0
Pgf_Flt1,0.0
Pgf_Nrp1,0.0
Pgf_Nrp2,0.0
Ccl24_Ccr2,0.0
Ccl24_Ackr2,0.0
Ccl24_Ccr3,0.0
Zp3_Egfr,0.0
Zp3_Zp3r,0.0
Shbg_Gprc6a,0.0
App_Lrp6,0.06843787878787874
App_Lrp1,0.18388043635108697
App_Lrp2,0.929212361189535
App_Cav1,0.05344755787690575
App_Notch1,0.03331460254721132
App_Cd47,0.22887640378944543
App_Cd74,0.31415078423991166
App_Trpc6,0.0005667733232949578
App_Dcc,0.0
App_Lrp8,0.004113274044795714
App_Lrp4,0.0027296803438107064
App_Casr,0.00907254062362752
App_Tspan12,0.05711908212560394
App_Notch2,0.045946146245059556
App_Lrp10,0.3989417403852157
App_Gpr3,0.00039590783612517813
App_Tspan15,0.03976998400150583
App_Fpr2,0.0011168768429637224
App_Tnfrsf21,0.3185224402409161
App_Vldlr,0.06939639249639241
App_Adra2a,0.00437165600100373
App_Sorl1,0.14290605903758008
App_Drd3,0.0
App_Ngfr,0.007826472802559674
App_Ncstn,0.09067122937449015
Agrp_Mc5r,0.0
Agrp_Mc3r,0.0
Agrp_Sdc3,0.0
Tnfsf14_Fas,0.0
Tnfsf14_Ltbr,0.0
Tnfsf14_Tnfrsf14,0.0
Trh_Trhr,0.0
Prl7a2_Prlr,0.0
Prl8a9_Prlr,0.0
Prl8a1_Prlr,0.0
Wnt10a_Fzd10,8.99523182131651e-07
Bmp7_Acvr2b,8.463517159169176e-05
Bmp7_Bmpr1b,0.00010904071773636814
Bmp7_Acvr2a,0.0002828282828282803
Bmp7_Bmpr2,0.001000250956772689
Bmp7_Bmpr1a,0.0009993098688750803
Bmp7_Acvr1,0.00024192232887884922
Bmp7_Acvrl1,0.0011936131501348775
Ccl8_Ccr2,0.0005965716952129945
Ccl8_Ccr5,0.0006085470387100762
Ccl8_Ccr3,0.0
Ccl8_Ccr1,0.00024349865110734648
Ccl8_Ccr8,0.0
Rarres2_Ccrl2,0.001164218269653051
Timp1_Lrp1,0.044793606484095215
Timp1_Itgb1,0.13869338297571887
Timp1_Cd63,0.5769515598531918
Wnt3a_Fzd6,0.0
Wnt3a_Fzd2,0.0
Wnt3a_Lrp5,0.0
Wnt3a_Fzd1,0.0
Wnt3a_Fzd3,0.0
Wnt3a_Fzd8,0.0
Wnt3a_Lrp6,0.0
Wnt3a_Fzd5,0.0
Wnt3a_Fzd7,0.0
Wnt3a_Fzd4,0.0
Wnt3a_Igf1r,0.0
Wnt3a_Ptk7,0.0
Wnt3a_Apcdd1,0.0
Psen2_Notch2,0.0026457509881423046
Wnt2_Fzd2,0.0
Wnt2_Lrp5,0.0
Wnt2_Fzd1,0.0
Wnt2_Fzd3,0.0
Wnt2_Fzd8,0.0
Wnt2_Fzd5,0.0
Wnt2_Fzd7,0.0
Wnt2_Fzd9,0.0
Wnt2_Fzd4,0.0
Bmp5_Bmpr1b,0.0
Bmp5_Bmpr2,0.0
Bmp5_Bmpr1a,0.0
Wnt8a_Fzd1,0.0
Wnt8a_Lrp6,0.0
Wnt8a_Fzd5,0.0
Wnt8a_Fzd7,0.0
Wnt8a_Fzd4,0.0
Wnt8a_Ptk7,0.0
Plg_Lrp2,0.0
Plg_Plgrkt,0.0
Plg_Igf2r,0.0
Plg_Itgb2,0.0
Plg_Plaur,0.0
Csf1_Csf1r,0.004139533926218707
Csf1_Flt4,0.0017808382740447846
Ceacam16_Tectb,0.0
Ceacam16_Tecta,0.0
Dll1_Notch1,0.0001441919191919195
Dll1_Notch3,0.000182287157287158
Dll1_Notch2,0.0001988636363636375
Dll1_Notch4,0.00011866883116883101
Mmp13_Lrp1,0.0002941256509191232
Lama5_Itgb4,0.007395101637492919
Lama5_Bcam,0.2471578639657435
Hspa8_Aqp2,0.8963072769621634
Cd34_Sell,0.00031947306920132297
Cd274_Pdcd1,2.446828533784836e-06
Cd274_Cd80,1.6719994980858901e-06
Lnx2_Cd8a,7.597402597402106e-05
Lnx2_Cxadr,0.0031738424618859393
Il10_Il10ra,0.0
Il10_Il10rb,0.0
Prl5a1_Prlr,0.0
Pyy_Npy5r,0.0
Pyy_Npy1r,0.0
Pyy_Dpp4,0.0
Ppy_Npy2r,0.0
Vtn_Itgav,0.0141389045736871
Vtn_Itgb5,0.005873486416964615
Vtn_Itga8,0.00039784490871447157
Vtn_Plaur,0.0007361660079051389
Igfbp4_Lrp6,0.023671212121212107
Ada_Dpp4,0.003345783141978766
Ada_Adora2b,0.0005158730158730102
Ada_Adora1,0.00021919505615157684
Mmp9_Lrp1,0.0008996784616349632
Mmp9_Ephb2,9.108319217014734e-05
Mmp9_Cd44,0.00016927975406236015
Mmp9_Tlr9,0.0
Mmp9_Tlr4,2.5079992471296266e-05
Mmp9_Itgb2,6.469822448083202e-05
Prl3c1_Prlr,0.0
Mfng_Notch1,4.388449714536442e-05
Gdf9_Bmpr1b,0.0
Gdf9_Acvr2a,0.0
Gdf9_Bmpr2,0.0
Gdf9_Bmpr1a,0.0
Gdf9_Tgfbr1,0.0
Gdf9_Acvr1c,0.0
Gdf9_Acvr1b,0.0
Wnt9b_Lrp5,0.00018588211305602486
Wnt9b_Lrp6,0.0009530303030303005
Wnt9b_Fzd5,0.00011275958341175696
Tnfsf13_Tnfrsf17,3.293415521675557e-06
Tnfsf13_Tnfrsf13b,3.4002289980548834e-05
Il3_Il4ra,0.0
Il3_Il2ra,0.0
Il3_Csf2rb2,0.0
Il3_Il3ra,0.0
Csf2_Sdc2,0.0
Csf2_Csf1r,0.0
Csf2_Csf2rb,0.0
Csf2_Csf2ra,0.0
Csf2_Csf3r,0.0
Cxcl16_Cxcr6,0.00014918909592817118
Ccl6_Ccr1,0.0002095332204027855
Ccl4_Ackr2,0.0
Ccl4_Ccr5,0.0
Ccl4_Ccr3,0.0
Ccl4_Ccr1,0.0
Ccl4_Ccr8,0.0
Ccl9_Ccr1,0.00030903758077671054
Calm3_Grm7,0.0004666560794278164
Calm3_Scn10a,0.0
Calm3_Scn4a,0.0
Calm3_Trpc5,0.0
Calm3_Kcnq3,0.0
Calm3_Adcy8,0.0
Calm3_Mylk,0.13096523386034156
Icam5_Itgal,3.136175418784108e-05
Icam5_Itgb2,3.8570095363573414e-05
Cd70_Cd27,0.0
Sema6a_Plxna4,3.87414517849292e-05
Sema6a_Plxna2,0.00022684139531965392
Vip_Dpp4,0.0
Vip_Npr3,0.0
Vip_Ramp2,0.0
Vip_Vipr1,0.0
Vip_Adcyap1r1,0.0
Vip_Ramp1,0.0
Vip_Ramp3,0.0
Vip_Vipr2,0.0
Lama4_Itgb1,0.01339256305288901
Nts_Sort1,0.0
Nts_Ntsr1,0.0
Nts_Ntsr2,0.0
Nts_Ngfr,0.0
Ccn2_Egfr,0.01279393155154021
Ccn2_Lrp6,0.01094053030303029
Ccn2_Fgfr2,0.001788112491373345
Ccn2_Lrp1,0.029395263583035056
Ccn2_Itgam,0.0012418188092101084
Ccn2_Itga5,0.005662134152079791
Ccn2_Ntrk1,0.00048700083129430257
Hsp90b1_Lrp6,0.06645454545454539
Hsp90b1_Lrp1,0.17855157161678742
Hsp90b1_Tlr2,0.018853472614342167
Hsp90b1_Tlr9,0.0
Hsp90b1_Tlr4,0.004977413890457326
Hsp90b1_Pparg,0.0012827969132316467
Fgf18_Fgfr1,0.0
Fgf18_Fgfr4,0.0
Fgf18_Fgfr2,0.0
Fgf18_Fgfr3,0.0
Madcam1_Itgb7,0.0
Madcam1_Itga4,0.0
Fgf22_Fgfr1,0.0
Fgf22_Fgfr2,0.0
Il13_Il4ra,0.0
Il13_Il13ra1,0.0
Il13_Il13ra2,0.0
Pomc_Mc5r,0.0
Pomc_Mc3r,0.0
Pomc_Mc2r,0.0
Pomc_Mc4r,0.0
Pomc_Oprm1,0.0
Pomc_Mc1r,0.0
Pomc_Oprd1,0.0
Ccl7_Ccr2,0.00010431214317083735
Ccl7_Ccr5,0.00010640606374301862
Ccl7_Cxcr3,3.3502729154898375e-06
Ccl7_Ccr3,0.0
Ccl7_Ccr1,4.2576384967689034e-05
Ccl7_Ccr10,2.0939205721812693e-06
Tac4_Tacr1,0.0
Gng4_Kcnj6,0.0
Prl7d1_Prlr,0.0
Prl2c5_Prlr,0.0
Prl4a1_Prlr,0.0
Edn1_Ednrb,0.0017890237781542054
Edn1_Kel,1.4462168266509052e-05
Edn1_Ednra,0.0002798697377501673
Sema4d_Erbb2,0.005831191574126307
Sema4d_Plxna2,0.000804414486479701
Sema4d_Cd72,0.0008577408400777956
Sema4d_Plxnb1,0.00449965963987702
Sema4d_Met,0.009160202177049942
Sema4d_Plxnb2,0.026195170258485247
Cxcl14_Cxcr4,0.001056854648974204
Il9_Il9r,0.0
Thbs4_Notch1,0.0
Fgf10_Fgfr1,0.0
Fgf10_Fgfr2,0.0
Fgf10_Fgfr3,0.0
Nid2_Col13a1,9.566080055210211e-05
Plau_Lrp1,0.012785815060543205
Plau_Lrp2,0.06461120953322036
Plau_Igf2r,0.0044457533408620385
Plau_Mrc2,0.017728245576886778
Plau_Itgb2,0.0009194613056026057
Plau_Plaur,0.002720133399209488
Vcl_Alk,0.0
Arf4_Lrp2,0.20502474472990764
Fgf9_Fgfr1,0.001222187323546023
Fgf9_Fgfr4,0.0007438754783863455
Fgf9_Fgfr2,0.00023469634230503586
Fgf9_Fgfr3,0.0007723818150448591
Tnfsf11_Lgr4,0.0
Tnfsf11_Tnfrsf11b,0.0
Tnfsf11_Itga2b,0.0
Tnfsf11_Tnfrsf11a,0.0
Clu_Lrp2,2.158224231837004
Clu_Lrp8,0.00955364789196295
Clu_Vldlr,0.16118272005771994
Adam2_Itgb7,0.0
Adam2_Itgb1,0.0
Adam2_Itga6,0.0
Adam2_Cd9,0.0
Adam2_Itga9,0.0
Fgf17_Fgfr1,0.0
Fgf17_Fgfr4,0.0
Fgf17_Fgfr2,0.0
Fgf17_Fgfr3,0.0
Gdnf_Gfra4,0.0
Gdnf_Ret,0.0
Gdnf_Sorl1,0.0
Gdnf_Sdc3,0.0
Gdnf_Gfra3,0.0
Gdnf_Gfra1,0.0
Gdnf_Gfra2,0.0
Angpt1_Itga5,0.0005932076980990006
Angpt1_Tek,0.0010907232260493143
Col2a1_Itgav,0.0
Col2a1_Itga2b,0.0
Col2a1_Itga2,0.0
Col2a1_Itga1,0.0
Col2a1_Mag,0.0
Pla2g10_Pla2r1,0.0
Ahsg_Insr,0.0
Hrg_Erbb2,0.0
Hrg_Erbb3,0.0
Adipoq_Adipor1,0.00383375211744774
Adipoq_Adipor2,0.0022294889892715856
Prl2a1_Prlr,0.0
Pros1_Tyro3,0.00029900715226801813
Pros1_Axl,0.007979816017315932
Pros1_Mertk,0.0003848673066064352
Wnt10b_Fzd6,0.0
Wnt10b_Fzd8,0.0
Wnt10b_Lrp6,0.0
Wnt10b_Fzd5,0.0
Wnt10b_Fzd7,0.0
Wnt10b_Fzd4,0.0
Wnt1_Fzd6,0.0
Wnt1_Lrp5,0.0
Wnt1_Fzd1,0.0
Wnt1_Fzd8,0.0
Wnt1_Lrp6,0.0
Wnt1_Fzd5,0.0
Wnt1_Fzd7,0.0
Wnt1_Fzd9,0.0
Wnt1_Fzd10,0.0
Npff_Npffr2,2.3331137461572244e-06
Npff_Npffr1,0.0
Cxcl13_Cxcr3,0.0
Cxcl13_Ackr4,0.0
Cxcl13_Cxcr5,0.0
Ccl25_Ackr2,2.5396825396824743e-05
Ccl25_Ackr4,4.623878536921194e-06
Ccl25_Ccr9,3.5196687370584177e-06
Guca2a_Gucy2c,0.0
Bmp15_Bmpr1b,0.0
Bmp15_Bmpr2,0.0
Bmp15_Bmpr1a,0.0
Bmp15_Tgfbr1,0.0
Bmp15_Acvr1c,0.0
Bmp15_Acvr1b,0.0
Gnb3_Kcnj6,0.0
Crisp2_Catsper1,0.0
Ntn3_Dcc,0.0
Ntn3_Neo1,0.0003494573059790438
C3_Lrp1,0.015294533847794564
C3_Itgam,0.0006461258548215037
C3_Cd46,0.0002312049062049053
C3_Cd55,0.000801071271723441
C3_C3ar1,0.0009074879227053084
C3_Cr2,0.00010399021268585683
C3_C5ar2,0.00010780318715101098
C3_Cd19,7.175324675324216e-05
C3_Cd81,0.07413774233013311
C3_Itgb2,0.001099869816174158
Tslp_Crlf2,0.00013056182947487075
Tslp_Il7r,2.1597967250138743e-06
Apom_Lrp2,0.018185563711650653
Ltb_Ltbr,0.0011206725641508119
Ltb_Tnfrsf1a,0.0014957274609448342
Ltb_Cd40,4.858523119392602e-05
Tnf_Tnfrsf1a,0.0
Tnf_Rhbdf2,0.0
Tnf_Tnfrsf1b,0.0
Tnf_Cd40,0.0
Lta_Ltbr,0.0
Lta_Tnfrsf14,0.0
Lta_Tnfrsf1a,0.0
Lta_Tnfrsf1b,0.0
Hbegf_Egfr,0.007951966873705979
Hbegf_Erbb2,0.013357349896480212
Hbegf_Cd9,0.03305175983436826
Hbegf_Erbb3,0.005113871635610791
Hbegf_Erbb4,0.0011242236024844605
Scgb1a1_Lrp2,0.0
Anxa1_Fpr2,0.0003954467030553712
Anxa1_Fpr1,0.0003069138590877514
Anxa1_Dysf,0.02599029189409617
Il33_Il1rl1,8.544489930359268e-05
Il33_Il1rap,0.00018906651922955982
Il33_Kit,0.00020395139281008653
Dkk1_Lrp5,0.0
Dkk1_Lrp6,0.0
Dkk1_Kremen2,0.0
Dkk1_Kremen1,0.0
Gal_Gpr151,0.0
Gal_Galr1,0.0
Gal_Galr2,0.0
Vegfb_Flt1,0.011824477696216817
Vegfb_Nrp1,0.00507761740071524
Rbp4_Stra6,0.0007645750988142288
Slit1_Gpc1,0.0
Slit1_Robo2,0.0
Slit1_Plxna1,0.0
Slit1_Flrt3,0.0
Slit1_Robo1,0.0
Sema4g_Plxnb2,0.0
Fgf8_Fgfr1,0.0
Fgf8_Fgfr4,0.0
Fgf8_Fgfr2,0.0
Fgf8_Fgfr3,0.0
Fgf8_Fgfrl1,0.0
Gdf11_Acvr2b,6.823710709580142e-05
Gdf11_Acvr2a,0.0002280303030303008
Gdf11_Tgfbr1,0.0018285926030491024
Gdf11_Acvr1c,0.0
Gdf11_Acvr1b,0.0003354696028609049
Il23a_Il23r,0.0
Il23a_Il12rb1,0.0
Inhbc_Acvr2b,0.0
Inhbc_Acvr2a,0.0
Hras_Tlr2,0.014763072887257655
Hras_Grin2d,0.001071027824832155
Hras_Cav1,0.04063885163749295
Hras_Tlr9,0.0
Podxl_Sell,0.00010660565280130269
Nmb_Brs3,0.0
Nmb_Nmbr,0.0
Il6_Egfr,0.0
Il6_Il6st,0.0
Il6_Il6ra,0.0
Il17a_Il17rd,0.0
Il17a_Il17rc,0.0
Il17a_Il17ra,0.0
Ctla4_Cd80,0.0
Mstn_Acvr2b,0.0
Mstn_Acvr2a,0.0
Mstn_Tgfbr1,0.0
Mstn_Acvr1b,0.0
Nppc_Npr3,0.0
Nppc_Npr1,0.0
Nppc_Npr2,0.0
Il20_Il20rb,0.0
Il20_Il22ra1,0.0
Il20_Il20ra,0.0
Lamc2_Itgb1,0.24465534185017707
Lamc2_Itga6,0.08151596437982259
Lamc2_Itgb4,0.008316530208921489
Lamc2_Itga3,0.06329624466716824
Xcl1_Xcr1,0.0
Angptl1_Tek,0.0
Tnfsf4_Traf2,0.0
Tnfsf4_Tnfrsf4,0.0
Cel_Cxcr4,0.0
Hc_C5ar2,0.0
Hc_C5ar1,0.0
Fshb_Fshr,0.0
Lin7c_Abca1,0.005772464944475801
Lin7c_Htr2c,0.0
Mdk_Lrp6,0.006832196969696963
Mdk_Lrp1,0.018356900919129015
Mdk_Itgb1,0.05683803759646107
Mdk_Alk,0.0
Mdk_Ptprz1,8.736824769433462e-06
F2_Itga2b,0.0
F2_Thbd,0.0
F2_F2rl2,0.0
F2_F2rl1,0.0
Jag1_Notch1,0.004131411945542383
Jag1_Notch3,0.005222923332705954
Jag1_Notch2,0.005697875494071171
Jag1_Notch4,0.003400119988706936
Oxt_Avpr2,0.0
Oxt_Oxtr,0.0
Spint1_St14,0.10953008344312636
Bmp2_Acvr2b,0.00023644951063428986
Bmp2_Bmpr1b,0.0003046325051759798
Bmp2_Acvr2a,0.0007901515151515116
Bmp2_Bmpr2,0.002794451110483712
Bmp2_Bmpr1a,0.0027918219461697674
Bmp2_Tgfbr3,0.0015445463956333515
Bmp2_Acvr1,0.0006758705063052879
Bmp2_Hjv,2.1383869753433007e-05
Il1b_Il1rap,1.6575694836564092e-05
Il1b_Il1r1,5.2060982495764616e-05
Il1b_Il1r2,1.3790074659639584e-05
Il1a_Il1rap,0.0
Il1a_Il1r1,0.0
Il1a_Il1r2,0.0
Cst3_Lrp2,1.2466728507905138
Angpt4_Tek,0.0
Edn3_Ednrb,0.0012651515151515052
Edn3_Kel,1.022727272726771e-05
Edn3_Ednra,0.00019791666666666224
a_Mc1r,0.0
a_Atrn,0.0
Ghrh_Vipr1,0.0
Ghrh_Ghrhr,0.0
Il21_Il2rg,0.0
Il21_Il21r,0.0
Il2_Il2ra,3.8528138528137496e-05
Il2_Il2rg,0.000229599567099567
Il2_Il2rb,2.85714285714285e-05
Il2_Ngfr,0.0001016233766233755
Wnt2b_Fzd4,0.0
Efna1_Epha3,0.0006019605997866819
Efna1_Epha4,0.0007975578769057015
Efna1_Epha7,0.0009779863855950762
Efna1_Epha6,3.0337536859267763e-05
Efna1_Epha10,0.0
Efna1_Epha8,0.0
Efna1_Epha1,0.0019224418093983107
Efna1_Epha2,0.00610582847104586
Efna1_Epha5,0.0
Vcam1_Itgb7,0.00027648495827843416
Vcam1_Itgb1,0.020517406597025962
Vcam1_Itga4,9.161098563272451e-05
Vcam1_Itga9,0.0023116004768178617
Vcam1_Itgb2,0.00047652730723382586
Sfrp2_Fzd5,0.0
Pdgfc_Pdgfra,0.0005040137398833037
Pdgfc_Pdgfrb,0.0011229868561390196
Pdgfc_Flt4,0.0002083701926093217
Egf_Egfr,0.002756079427818539
Egf_Erbb2,0.0046295360436664195
Egf_Cd44,0.0011914690382081614
Egf_Cav1,0.001840591473743641
Egf_Nrp1,0.0012616483154526612
Egf_Erbb3,0.0017724214191605517
Egf_Erbb4,0.00038964568040654446
Dkk2_Lrp6,0.0028140151515151438
Efna3_Erbb2,0.0
Efna3_Epha3,0.0
Efna3_Epha4,0.0
Efna3_Epha7,0.0
Efna3_Epha6,0.0
Efna3_Ephb1,0.0
Efna3_Epha10,0.0
Efna3_Epha8,0.0
Efna3_Epha1,0.0
Efna3_Epha2,0.0
Efna3_Epha5,0.0
Efna4_Epha3,0.00027171011355793713
Efna4_Epha4,0.0003599978825522293
Efna4_Epha7,0.0004414388449714509
Efna4_Epha6,1.3693613150131158e-05
Efna4_Epha10,0.0
Efna4_Epha8,0.0
Efna4_Epha1,0.00086774264382959
Efna4_Epha2,0.0027560198255850384
Efna4_Epha5,0.0
Adam15_Itgav,0.15368989271597866
Adam15_Itgb1,0.11646172830792297
Adam15_Itga9,0.013121199573373465
Sema4a_Nrp1,0.001727010399021272
Sema4a_Plxnb1,0.004890085638998668
Sema4a_Plxnb2,0.028468070063993715
Sema4a_Plxnd1,0.0045924607095802535
Ccn1_Tlr2,0.0009865189158667408
Ccn1_Itgav,0.038175042348955156
Ccn1_Itgam,0.0003946922642574799
Ccn1_Itgb2,0.0006718661773009567
Tnfsf8_Tnfrsf8,0.0
Tln1_Itgal,0.003978896103896099
Tln1_Itgb1,0.21069180194805032
Tln1_Itgb2,0.004893425324675302
Col9a2_Mag,0.0
Edn2_Ednrb,0.0
Edn2_Kel,0.0
Edn2_Ednra,0.0
Sema3c_Nrp1,0.014205608491749835
Sema3c_Nrp2,0.009702021770500006
Sema3c_Plxna4,0.0012281040215822638
Sema3c_Plxnb1,0.040223638559508036
Sema3c_Plxnd1,0.03777551014806435
Hgf_Itgb1,0.0
Hgf_Cd44,0.0
Hgf_Sdc2,0.0
Hgf_Nrp1,0.0
Hgf_Nrp2,0.0
Hgf_Plxnb1,0.0
Hgf_Met,0.0
Rspo1_Lrp6,0.0
Rspo1_Lgr4,0.0
Rspo1_Lgr6,0.0
Rspo1_Znrf3,0.0
Rspo1_Lgr5,0.0
Sema3a_Nrp1,0.0
Sema3a_Nrp2,0.0
Sema3a_Plxna4,0.0
Sema3a_Plxna2,0.0
Sema3a_Plxna1,0.0
Uts2_Uts2r,0.0
Cort_Sstr3,0.0
Cort_Sstr2,0.0
Cort_Sstr4,0.0
Cort_Sstr5,0.0
Cort_Sstr1,0.0
Cort_Ghsr,0.0
Draxin_Dcc,0.0
Gnb1_Kcnj6,0.0
Nmu_Nmur2,0.0
Nmu_Nmur1,0.0
Bmp3_Acvr2b,0.0009130019135453793
Bmp3_Acvr2a,0.003051010101010089
Fgf5_Fgfr1,0.0
Fgf5_Fgfr4,0.0
Fgf5_Fgfr2,0.0
Fgf5_Fgfr3,0.0
Cxcl5_Ackr1,0.0
Cxcl5_Cxcr2,0.0
Ppbp_Cxcr2,1.4108476064996624e-06
Ppbp_Cxcr1,0.0
Pf4_Fgfr2,0.001704968944099363
Pf4_Cxcr3,6.0982495765096266e-05
Pf4_Lrp1,0.02802844438170499
Pf4_Ccr1,0.000774985883681535
Pf4_Thbd,0.008648715415019754
Pf4_Procr,0.001477555053641993
Areg_Egfr,0.0001882567915176588
Areg_Igf1r,0.00039689401781792396
Areg_Erbb2,0.00031622513959469914
Areg_Erbb3,0.0001210670368279059
Areg_Erbb4,2.6615142104272026e-05
Cxcl3_Cxcr3,0.0
Cxcl3_Cxcr2,0.0
Cxcl1_Ackr1,1.3822228496135738e-06
Cxcl1_Cxcr2,7.558112177677101e-06
Cxcl1_Cxcr1,0.0
Il31_Il31ra,0.0
Il31_Osmr,0.0
Pla2g1b_Pla2r1,0.0
Col1a2_Itgb1,0.5694517810088419
Col1a2_Cd44,0.034604688186209855
Col1a2_Cd93,0.06972623753058516
Col1a2_Itga2,0.0005710482150698451
Gng11_Kcnj6,0.0
Epo_Mpl,0.0
Epo_Epor,0.0
Gnb2_Kcnj6,0.0
Npy_Npy5r,0.0
Npy_Npy1r,0.002335946812848925
Npy_Dpp4,0.09363045438860616
Npy_Npy2r,0.0
Npy_Npy4r,0.0
Npy_Npy6r,0.0009557767112114278
Npy_Fap,0.0006918682163246394
Npvf_Npffr2,0.0
Npvf_Npffr1,0.0
Tgfa_Egfr,0.004277194303281241
Tgfa_Erbb2,0.007184635171591621
Tgfa_Erbb3,0.002750643076730044
Tgfa_Erbb4,0.0006046960286090651
Bmp10_Bmpr1b,0.0
Bmp10_Bmpr2,0.0
Bmp10_Bmpr1a,0.0
Bmp10_Tgfbr1,0.0
Bmp10_Eng,0.0
Bmp10_Acvr1,0.0
Bmp10_Alk,0.0
Bmp10_Acvrl1,0.0
Prok2_Prokr2,0.0
Prok2_Prokr1,0.0
Wnt7a_Lrp5,0.0
Wnt7a_Fzd1,0.0
Wnt7a_Fzd3,0.0
Wnt7a_Lrp6,0.0
Wnt7a_Fzd5,0.0
Wnt7a_Fzd7,0.0
Wnt7a_Fzd9,0.0
Wnt7a_Fzd4,0.0
Wnt7a_Lrp4,0.0
Wnt7a_Adgra2,0.0
Wnt7a_Celsr3,0.0
Wnt7a_Reck,0.0
Gdf3_Acvr2b,0.0
Gdf3_Acvr2a,0.0
Gdf3_Tgfbr1,0.0
Gdf3_Acvr1c,0.0
Gdf3_Acvr1b,0.0
Clec2d_Klrb1b,0.00023254870129868661
Rtn2_Rtn4r,0.0006175967752054684
Vasp_Itga4,0.0009058245498462884
Mfge8_Pdgfrb,0.12640131124913648
Mfge8_Itgav,0.684322981366456
Mfge8_Itgb1,0.5185600414078637
Mfge8_Itgb5,0.28427674258108754
Mfge8_Itgb3,0.008775707384402994
Calca_Calcrl,0.0
Calca_Calcr,0.0
Fgf21_Fgfr1,0.0
Fgf21_Fgfr2,0.0
Fgf21_Fgfr3,0.0
Fgf21_Klb,0.0
Izumo1_Cd9,0.0
Izumo1_Izumo1r,0.0
Hpx_Lrp1,0.0
Fgf15_Fgfr1,0.0
Fgf15_Fgfr4,0.0
Fgf15_Fgfr2,0.0
Fgf15_Fgfr3,0.0
Fgf15_Klb,0.0
Fadd_Fas,0.0017922924901185645
Fadd_Tnfrsf1a,0.017668280632410906
Fadd_Tradd,0.002654644268774698
Fadd_Tnfrsf10b,0.0010153162055335902
Cd40lg_Traf2,0.0
Cd40lg_Traf1,0.0
Cd40lg_Cd40,0.0
Cd40lg_Traf3,0.0
Fgf13_Fgfr1,0.0002959556747600234
Fgf13_Fgfr4,0.00018013128176171586
Fgf13_Fgfr2,5.683229813664543e-05
Fgf13_Fgfr3,0.0001870341614906833
Fgf13_Scn5a,3.366741953698041e-06
F9_Lrp1,0.0
F8_Lrp1,0.0021799901185770494
F8_Ldlr,0.00044026679841897165
Fgf16_Fgfr1,0.0
Fgf16_Fgfr4,0.0
Fgf16_Fgfr2,0.0
Fgf16_Fgfr3,0.0
Bgn_Tlr2,0.025474110671936737
Bgn_Cd44,0.04539301712779964
Bgn_Tlr4,0.006725296442687688
Bgn_P2rx7,0.007304874835309586
Bgn_P2rx4,0.1295795125164687
Vegfd_Fgfr2,0.0013197722567287646
Vegfd_Nrp2,0.0029522774327122017
Vegfd_Flt4,0.003038328157349878
Vegfd_Itga9,0.0075685300207039155
Vegfd_Kdr,0.009637681159420255
Angpt2_Itgav,0.02149113495200436
Angpt2_Itgb1,0.016285356672313043
Angpt2_Itga5,0.0010131187652926744
Angpt2_Tek,0.0018628082062864676
Angpt2_Itgb2,0.0003782357738879455
Tnfsf13b_Tnfrsf17,6.325679151764497e-06
Tnfsf13b_Tnfrsf13c,8.890143672748182e-06
Tnfsf13b_Tnfrsf13b,6.530836313444613e-05
Col4a1_Itgb1,0.47961446805006247
Col4a1_Cd93,0.05872615283267444
Col4a2_Itgb1,0.42063362036513896
Col4a2_Cd93,0.05150427253905501
Vegfc_Itgb1,0.0024642316017315837
Vegfc_Nrp2,0.00010829725829725801
Vegfc_Flt4,0.00011145382395382351
Vegfc_Itga9,0.00027763347763347753
Vegfc_Kdr,0.000353535353535353
Vegfc_Ccbe1,7.09956709956705e-05
Plat_Lrp1,0.029135740949871106
Plat_Itgam,0.0012308551352029555
Sfrp1_Fzd2,0.011687436868686838
Fgf20_Fgfr1,0.0
Fgf20_Fgfr4,0.0
Fgf20_Fgfr2,0.0
Fgf20_Fgfr3,0.0
Il15_Il2ra,0.0
Il15_Il2rg,0.0
Il15_Il2rb,0.0
Il15_Il15ra,0.0
Il15_Il11ra1,0.0
Mmp2_Itgav,0.0786830039525686
Mmp2_Itgb1,0.059623690711461896
Mmp2_Sdc2,0.008961207180500622
Mmp2_Itgb3,0.0010090250329380696
Cx3cl1_Itgav,0.3283053642010145
Cx3cl1_Itgb1,0.24878025127046677
Cx3cl1_Itga4,0.0011108130999435341
Cx3cl1_Cx3cr1,0.010656521739130427
Cx3cl1_Itgb3,0.004210163749294163
Ccl22_Ccr4,0.0
Ccl22_Ackr2,0.0
Ccl22_Dpp4,0.0
Ccl17_Ccr4,0.0
Ccl17_Ackr1,4.220387100820138e-06
Ccl17_Ackr2,3.3044733044732246e-05
Ccl17_Ccr8,0.0
Insl3_Rxfp2,0.0
Insl3_Rxfp1,0.0
Jam3_Itgam,0.0002594736181692692
Jam3_Itgal,0.0003591426689252771
Jam3_Itgb1,0.019017439535102425
Jam3_Itga4,8.491357676140276e-05
Jam3_Itgb2,0.0004416898017441474
Apoc3_Lrp1,0.0007266633728590111
Apoc3_Gpihbp1,0.00037234848484847923
Apoc3_Ldlr,0.00014675559947298946
Apoa1_Lrp2,0.0
Apoa1_Abca1,0.0
Lipc_Lrp1,0.0017474523966371613
Lipc_Ldlr,0.0003529122749231445
Lipc_Scarb1,0.0004318432774954514
Ptgs2_Ptger4,0.0
Ptgs2_Ptger3,0.0
Ptgs2_Ptger2,0.0
Ptgs2_Ptger1,0.0
Ucn_Crhr1,0.0
Ucn_Crhr2,0.0
Ntng2_Lrrc4c,0.0
Ntng2_Lrrc4,0.0
Avp_Avpr2,0.0
Avp_Oxtr,0.0
Avp_Avpr1a,0.0
Avp_Avpr1b,0.0
Lgals3bp_Itgb1,0.43461545619235503
Apob_Lrp6,0.00037992424242423804
Apob_Lrp1,0.0010207890237781344
Apob_Lrp2,0.005158405091285469
Apob_Cd36,0.00045113401091661316
Apob_Tlr4,2.8456145303970844e-05
Apob_Ldlr,0.00020615667545015182
Apob_Scarb1,0.0002522648848735782
Apob_Apobr,2.0543948804818126e-05
Apob_Mttp,0.00010468622561013736
Apob_Lsr,0.0007426591222786736
Wnt4_Fzd6,0.003617497176736282
Wnt4_Fzd2,0.008639267676767653
Wnt4_Fzd1,0.016268106531149993
Wnt4_Fzd8,0.005501673567977887
Wnt4_Lrp6,0.01662651515151514
Wnt4_Fzd5,0.0019671975970888987
Wnt4_Fzd7,0.0032995867055649504
Wnt4_Fzd4,0.01981878176171651
Wnt4_Fzd10,3.746078800425687e-05
Wnt4_Musk,0.0
Fgg_Itgav,0.009543760587238758
Fgg_Itga5,0.0004499047148503643
Fgg_Itga2b,0.0002461533032185185
Fgg_Itgb2,0.00016796654432523858
Galp_Galr1,0.0
Galp_Galr2,0.0
Fgf2_Fgfr1,0.0002959556747600234
Fgf2_Fgfr4,0.00018013128176171586
Fgf2_Fgfr2,5.683229813664543e-05
Fgf2_Fgfr3,0.0001870341614906833
Fgf2_Itgav,0.0038175042348955156
Fgf2_Cd44,0.00017579051383399165
Fgf2_Sdc2,0.00043477555053641874
Fgf2_Notch1,0.00016926877470355752
Fgf2_Nrp1,0.00018614483342744247
Fgf2_Sdc3,0.0002595779220779235
Fgf2_Ptprz1,4.44664031620553e-07
Fgf2_Kit,3.0173630717108716e-05
Fgf2_Fgfrl1,0.0001493224167137207
Fgf2_Sdc4,0.0048672077922077795
Fgf2_Sdc1,0.0006687747035573074
Fgf2_Itgb3,4.895539243365302e-05
Fgf2_Lyve1,1.5690287972896225e-05
Fgf2_Gpc4,0.0012839356295877946
Csf3_Csf1r,0.0
Csf3_Csf3r,0.0
Bmp8a_Acvr2b,0.0
Bmp8a_Acvr2a,0.0
Bmp8a_Tgfbr2,0.0
Bmp8a_Bmpr2,0.0
Bmp8a_Bmpr1a,0.0
Bmp8a_Tgfbr1,0.0
Gdf7_Bmpr1b,0.0
Gdf7_Acvr2a,0.0
Gdf7_Bmpr2,0.0
Gdf7_Bmpr1a,0.0
Serpine1_Lrp1,0.0026644323671497342
Serpine1_Lrp2,0.013464311594202888
Serpine1_Vldlr,0.0010055555555555538
Serpine1_Lrp1b,0.0
Serpine1_Plaur,0.0005668478260869569
Ccl5_Ccr4,0.0
Ccl5_Ackr1,3.1698977351138186e-06
Ccl5_Ackr2,2.4819624819624246e-05
Ccl5_Ccr5,0.00020563868498650872
Ccl5_Ccr3,0.0
Ccl5_Ackr4,4.5187903883548154e-06
Ccl5_Ccr1,8.228245184766902e-05
Ccl5_Ccrl2,0.00010103205972771158
Ccl5_Gpr75,0.0
Nodal_Acvr2b,0.0
Nodal_Acvr2a,0.0
Nodal_Acvr1c,0.0
Nodal_Acvr1b,0.0
Npnt_Itgb1,0.28654727907961397
Npnt_Itga8,0.010640362083568548
Lman1_Mcfd2,0.06397369894598115
Tnfsf10_Tnfrsf11b,1.4704106280189104e-05
Tnfsf10_Tnfrsf10b,0.0006540462858397605
Inha_Acvr2a,0.00025101010101009924
Tnfsf9_Traf2,0.0
Tnfsf9_Traf1,0.0
Tnfsf9_Tnfrsf9,0.0
Tnfsf9_Tmem126a,0.0
Pth2_Ramp1,0.0
Pth2_Pth2r,0.0
Mif_Cd44,0.03433774703557305
Mif_Cd74,0.3117860813099912
Mif_Cxcr4,0.009359952004517145
Mif_Cxcr2,0.0010629728966685173
Mif_Ackr3,0.0794044889892716
Spon1_Lrp8,0.001535317852437391
Lefty1_Acvr2b,6.559225798356136e-05
Lefty1_Acvr2a,0.00021919191919191807
Lefty1_Acvr1,0.00018748980488110883
Lefty1_Acvr1b,0.0003224669050756
Sct_Sctr,0.0
Sct_Vipr2,0.0
Rspo4_Lgr4,0.0
Rspo4_Lgr6,0.0
Rspo4_Lgr5,0.0
Sema7a_Itgb1,0.0019285290796159874
Gng10_Kcnj6,0.0
Wnt8b_Lrp6,0.0005151515151515122
Wnt8b_Fzd7,0.00010223351527699254
Wnt8b_Fzd10,1.1606750737182552e-06
Wnt8b_Ptk7,0.00015060543321412795
Amh_Bmpr1a,0.0
Amh_Acvr1,0.0
Amh_Amhr2,0.0
Il5_Csf2rb,0.0
Il5_Il5ra,0.0
Tgfb2_Tgfbr2,0.0006100508187464645
Tgfb2_Tgfbr1,0.0006804065499717596
Tgfb2_Tgfbr3,0.0001658573310747216
Iapp_Ramp3,0.0
Iapp_Calcr,0.0
Lama1_Itgb1,0.0024642316017315837
Lama1_Itga7,8.03571428571425e-05
Lama1_Itgb4,8.37662337662335e-05
Lama1_Itga2,2.4711399711394997e-06
Lama1_Itga1,0.001219877344877336
Pmch_Mchr1,0.0
Crp_Tlr4,0.0
Crp_Fcgr1,0.0
Crp_Olr1,0.0
Thbs1_Ptprj,0.02979054520358849
Thbs1_Lrp1,0.04415345065562419
Thbs1_Itgav,0.1804124223602475
Thbs1_Itgb1,0.13671128364389135
Thbs1_Itgb8,0.017216873706004124
Thbs1_Cd47,0.054957902001379816
Thbs1_Cd36,0.019513457556935752
Thbs1_Vldlr,0.016663492063492043
Thbs1_Itga5,0.008504865424430626
Thbs1_Itga2,0.00013709454796408704
Thbs1_Itga1,0.06767667356797744
Thbs1_Itga3,0.03536939268460988
Thbs1_Sdc1,0.031605797101449076
Thbs1_Itgb3,0.002313595583160789
Thbs1_Itgb6,0.05210893719806726
Thbs1_Scarb2,0.03861062801932351
Inhbb_Acvr2b,4.5491404730534435e-05
Inhbb_Acvr2a,0.00015202020202020108
Inhbb_Acvr1c,0.0
Clcf1_Il6st,0.007785368828031807
Clcf1_Cntfr,0.00016820063993976768
Clcf1_Crlf1,0.0051030052073529845
Fgf1_Fgfr1,0.006500063523433113
Fgf1_Fgfr4,0.003956216669803616
Fgf1_Fgfr2,0.001248205659075214
Fgf1_Fgfr3,0.004107824361628715
Fgf1_Cd44,0.0038608805445761916
Fgf1_Nrp1,0.004088292082313833
Apln_Aplnr,0.0002529926595143976
Grn_Sort1,0.06923333490181317
Grn_Tnfrsf1a,0.23398786467155877
Grn_Tnfrsf1b,0.006049819624819563
Nrtn_Ret,5.84109730848808e-05
Nrtn_Sdc3,0.003912896825396849
Nrtn_Gfra3,8.394582470668994e-05
Nrtn_Gfra1,0.00016023119392684511
Nrtn_Gfra2,0.00023268633540372404
Prl3a1_Prlr,0.0
Gc_Lrp2,0.0
Il17f_Il17rc,0.0
Il17f_Il17ra,0.0
Cxcl10_Cxcr3,2.8232636928285055e-06
Cxcl10_Dpp4,0.0007721038019950956
Cxcl10_Tlr4,3.617306606436976e-05
Cxcl10_Cxcr4,6.655255975908034e-05
Cxcl10_Sdc4,0.006760010822510746
Prl3b1_Prlr,0.0
Chad_Itgb1,0.0
Chad_Itga2,0.0
Inhba_Acvr2b,0.0
Inhba_Acvr2a,0.0
Inhba_Tgfbr1,0.0
Inhba_Tgfbr3,0.0
Inhba_Acvr1c,0.0
Inhba_Acvr1b,0.0
S100b_Fgfr1,0.00036172360248447024
S100b_Alcam,0.0002882763975155263
Gdf5_Ror2,0.0
Gdf5_Acvr2b,0.0
Gdf5_Bmpr1b,0.0
Gdf5_Acvr2a,0.0
Gdf5_Bmpr2,0.0
Gdf5_Acvr1,0.0
C1qa_Cd93,0.06603330510069627
Calm2_Grm7,0.0007925430547713119
Calm2_Scn10a,0.0
Calm2_Scn4a,0.0
Calm2_Trpc5,0.0
Calm2_Kcnq3,0.0
Calm2_Adcy8,0.0
Calm2_Mylk,0.2224241600790497
Calm2_Cacna1c,0.0026946463862223703
Ctf1_Il6st,0.0013551324581215622
Ucn3_Il10rb,0.0
Ucn3_Crhr1,0.0
Ucn3_Crhr2,0.0
Efnb1_Egfr,0.0036145303971390724
Efnb1_Ephb2,0.0008407679277244461
Efnb1_Epha4,0.00018802936194240463
Efnb1_Ephb3,0.0006361754187841129
Efnb1_Epha7,0.00023056653491435928
Efnb1_Ephb4,0.00263617541878411
Efnb1_Epha6,7.152268021831282e-06
Efnb1_Ephb6,0.00030528891398456254
Efnb1_Ephb1,0.0001533973273103682
Efnb1_Epha5,0.0
Rln3_Rxfp2,0.0
Rln3_Rxfp1,0.0
Rln3_Rxfp4,0.0
Rln3_Rxfp3,0.0
Col9a1_Mag,0.0
Nlgn2_Nrxn1,1.105778279690869e-05
Nlgn2_Nrxn3,6.517033690946085e-05
Nlgn2_Nrxn2,0.0013363448146056776
Prl2c1_Prlr,0.0
Lcn2_Lrp2,1.8004582380481828
Lcn2_Slc22a17,0.06043274829035675
Inhbe_Acvr2b,0.0
Inhbe_Acvr2a,0.0
Pnoc_Oprl1,0.0
Fn1_Itgb7,0.0018155604962670068
Fn1_Itgb1,0.13472918431206377
Fn1_Cd44,0.008187280412823877
Fn1_Itga5,0.00838155820628645
Fn1_Col13a1,0.0008412129838760063
Fn1_Itga2b,0.004585744871070938
Fn1_Flrt2,0.0018431735836627026
Fn1_Itga3,0.034856591928602604
Fn1_Cd79a,0.0004891461195808777
Fbln1_Itgb1,0.26319064911537543
Il18_Il18r1,5.237154150197168e-06
Il18_Il18bp,7.359189723320103e-05
Il18_Il18rap,1.8824110671936362e-05
Il27_Il6st,0.0
Il27_Il27ra,0.0
Qrfp_Qrfpr,0.0
Pcsk9_Lrp1,0.0
Pcsk9_Lrp8,0.0
Pcsk9_Vldlr,0.0
Pcsk9_Sort1,0.0
Pcsk9_Ldlr,0.0
Pcsk9_Aplp2,0.0
Arf6_Pld1,0.001400652487609003
Il17c_Il17re,0.0
Dscam_Dcc,0.0
Igf1_Igf1r,0.015986891037706095
Igf1_Itgav,0.07118938452851442
Igf1_Insr,0.007513092493255484
Igf1_Itgb3,0.0009129274107534912
Cd14_Tlr2,0.0031276303406738166
Cd14_Itgb1,0.09171227178618413
Cd14_Tlr9,0.0
Cd14_Tlr4,0.0008257105213626883
Cd14_Itga4,0.0004094987138465397
Cd14_Cd55,0.0015513959470481139
Cd14_C3ar1,0.0017574879227053052
Cd14_Itgb2,0.00213006462136896
Cd14_Ly96,0.002771165066817223
Cd14_Tlr3,0.003053115000941086
Fgf4_Fgfr1,0.0
Fgf4_Fgfr4,0.0
Fgf4_Fgfr2,0.0
Fgf4_Fgfr3,0.0
Fgf4_Nrp1,0.0
Gnai2_Igf1r,0.14164353707886204
Gnai2_Cav1,0.04486818887634108
Gnai2_Oprd1,0.0007451792772444283
Gnai2_C5ar1,0.019133265104460725
Gnai2_Adra2b,0.0997665607942777
Gnai2_Drd2,0.0
Gnai2_Lhcgr,0.0
Gnai2_Mtnr1b,0.0
Gnai2_Cnr1,0.0
Hcrt_Hcrtr2,0.0
Hcrt_Hcrtr1,0.0
Cd24a_Selp,0.0014263245812158592
Bdnf_Sort1,0.0
Bdnf_Ntrk1,0.0
Bdnf_Ntrk2,0.0
Bdnf_Bex3,0.0
Bdnf_Ngfr,0.0
Bdnf_Insrr,0.0
Bdnf_Ntrk3,0.0
Bdnf_Sorcs2,0.0
S100a1_Tlr4,0.0049711438923395
S100a1_Ryr1,0.000444573844030257
S100a1_Ryr2,0.0002546195652173606
Nxph3_Nrxn1,2.2668454733662818e-06
Nxph3_Nrxn3,1.3359919066439473e-05
Nxph3_Nrxn2,0.00027395068699416394
Ucn2_Il10rb,0.0
Ucn2_Crhr1,0.0
Ucn2_Crhr2,0.0
Crh_Crhr1,0.0
Crh_Crhr2,0.0
Fat4_Dchs1,0.00010869565217391164
Gdf6_Bmpr1b,0.0
Gdf6_Acvr2a,0.0
Gdf6_Bmpr2,0.0
Gdf6_Bmpr1a,0.0
Adam10_Lrp1,0.11228679261559601
Adam10_Itgav,0.45880745341614665
Adam10_Erbb2,0.0820920462387847
Adam10_Epha3,0.0019188233264320084
Adam10_Notch1,0.02034359903381647
Adam10_Notch3,0.025718340234644685
Adam10_Tspan15,0.02428558488612842
Adam10_Il6ra,0.009166580400275987
Adam10_Cadm1,0.029334584195997326
Adam10_Axl,0.12157043650793564
Adam10_Fcer2a,0.0008321687370599853
Adam10_Tspan17,0.03525138026224992
Adam10_Tspan5,0.022717952035886887
Adam10_Gpnmb,0.0018730158730158343
Adam10_Tspan14,0.07578588681849516
Adam10_Tspan10,0.0
Artn_Ret,3.3008658008655004e-06
Artn_Sdc3,0.000221121933621935
Artn_Gfra3,4.743867243867e-06
Artn_Gfra1,9.054834054834e-06
Artn_Gfra2,1.3149350649350502e-05
Adm2_Ramp3,0.00041853354978354975
Adm2_Calcrl,0.0001665313852813845
Wnt5a_Fzd6,0.0010087521174477602
Wnt5a_Fzd2,0.0024090909090908968
Wnt5a_Lrp5,0.0009042913608130935
Wnt5a_Fzd1,0.004536420101637477
Wnt5a_Fzd3,0.0005530773574251769
Wnt5a_Fzd8,0.001534161490683218
Wnt5a_Ror1,0.000503387916431391
Wnt5a_Lrp6,0.004636363636363622
Wnt5a_Ror2,0.0005697346132128665
Wnt5a_Fzd5,0.0005485601355166552
Wnt5a_Fzd7,0.0009201016374929352
Wnt5a_Fzd9,0.0
Wnt5a_Fzd4,0.005526538678712569
Wnt5a_Notch1,0.00225691699604743
Wnt5a_Ryk,0.007342461885940104
Adam12_Itgb1,0.01799960474308283
Adam12_Tgfbr2,0.004270355731225264
Adam12_Epha1,0.0003172595520421569
Adam12_Itga9,0.0020279314888010484
Adam12_Sdc4,0.030284848484848366
Amelx_Cd63,0.0
Amelx_Lamp1,0.0
Nlgn3_Nrxn1,0.0
Nlgn3_Nrxn3,0.0
Nlgn3_Nrxn2,0.0
Agt_Lrp2,0.04939828604366641
Agt_Agtr1a,0.0026964579804253865
Agt_Agtr1b,0.0
Agt_Agtr2,0.0
Agt_Mas1,5.871016061233102e-05
Slit3_Robo2,0.00014824016563146918
Slit3_Plxna1,0.00021348892653240382
Slit3_Robo3,3.9174352217830065e-05
Slit3_Robo1,2.71284271284263e-05
Lep_Lrp2,0.0
Lep_Leprot,0.0
Lep_Lepr,0.0
Adcyap1_Dpp4,0.0
Adcyap1_Ramp2,0.0
Adcyap1_Vipr1,0.0
Adcyap1_Adcyap1r1,0.0
Adcyap1_Ramp3,0.0
Adcyap1_Adrb3,0.0
Adcyap1_Vipr2,0.0
Lif_Il6st,0.0007971367400714943
Lif_Lifr,0.00021967344249952276
Rspo2_Lgr4,0.0
Rspo2_Lgr6,0.0
Rspo2_Znrf3,0.0
Rspo2_Lgr5,0.0
Adam17_Itgb1,0.034552812676453715
Adam17_Itga6,0.011512545878034935
Adam17_Notch1,0.0020218214756258274
Adam17_Notch2,0.002788414031620569
Adam17_Itga5,0.0021495447487295265
Adam17_Cd9,0.02018786467156017
Adam17_Tnfrsf1a,0.015074128317334729
Adam17_Rhbdf2,0.0015794689911537714
Adam17_Tnfrsf1b,0.00038974567099566673
Adam17_Erbb4,0.0006866706662902247
Adam17_Aplp2,0.03719782255787671
Adam17_Ghr,0.01557920431018247
Adam17_Nectin4,0.00023496023903632235
Adam17_Cd40,0.000489648033126288
Adam17_Itgb6,0.013170166337285804
Dmp1_Phex,0.0
Sema5a_Met,0.015041807045611264
Sema5a_Plxna1,0.002525173709141096
Sema5a_Plxnb3,1.2170227115875323e-05
Fgf7_Fgfr1,0.0010029608977978534
Fgf7_Fgfr2,0.0001925983436852977
Fgf7_Fgfr3,0.0006338379917184244
Fgf7_Nrp1,0.0006308241577263306
Cthrc1_Fzd6,5.323969508751957e-05
Cthrc1_Fzd3,2.919019386410595e-05
Cthrc1_Fzd5,2.895178493004509e-05
Alkal2_Alk,0.0
Tg_Lrp2,0.0
Ntng1_Lrrc4c,0.0
Prl7c1_Prlr,0.0
Postn_Egfr,0.015828631030804903
Postn_Itgav,0.14859988706945146
Postn_Itgb1,0.11260467014869104
Postn_Itga5,0.00700518304159607
Postn_Itgb3,0.0019056339795470133
Cxcl12_Itgav,0.7232049689440955
Cxcl12_Itgb1,0.5480236801242195
Cxcl12_Dpp4,0.10531495859213205
Cxcl12_Itga5,0.034092779503105526
Cxcl12_Itga4,0.002446946169772256
Cxcl12_Oprm1,0.0
Cxcl12_Oprd1,0.0008544254658384334
Cxcl12_Cxcr4,0.009077769151138646
Cxcl12_Ackr3,0.0770106107660456
Cxcl12_Agtr1a,0.04882259316770219
Cxcl12_Avpr1a,0.013020962732919245
Cxcl12_Itgb3,0.009274327122153163
Cxcl12_Cmklr1,0.008139104554865403
Cxcl12_Gpr17,0.00023266045548653218
Prl3d3_Prlr,0.0
Nrg1_Egfr,0.0014533424305163388
Nrg1_Erbb2,0.0024412580776710987
Nrg1_Erbb3,0.0009346375243114418
Nrg1_Erbb4,0.00020546889704498183
Sema3e_Nrp1,0.00015856782106782148
Sema3e_Plxna1,0.000153445165945166
Sema3e_Plxnd1,0.0004216630591630575
Bmp4_Bmpr1b,0.00037687198067632354
Bmp4_Acvr2a,0.000977525252525247
Bmp4_Bmpr2,0.0034571173693456166
Bmp4_Bmpr1a,0.0034538647342995067
Bmp4_Hjv,2.64547650417191e-05
Bmp4_Musk,0.0
Nlgn1_Nrxn1,1.08734864169601e-06
Nlgn1_Nrxn3,6.4084164627635825e-06
Nlgn1_Nrxn2,0.00013140724010289026
Osm_Egfr,0.0
Osm_Il6st,0.0
Osm_Il11ra1,0.0
Osm_Lifr,0.0
Osm_Osmr,0.0
Cxcl2_Ackr1,2.0088305414384093e-06
Cxcl2_Cxcr2,1.0984456364890805e-05
Jag2_Notch1,0.0013039964866051815
Jag2_Notch3,0.0016485099441621198
Jag2_Notch2,0.0017984189723320213
Jag2_Notch4,0.001073178994918121
Pdgfa_Pdgfra,0.0166090109166196
Pdgfa_Pdgfrb,0.037006334305790554
Itgb1bp1_Itgb1,0.03171358930924119
Efna5_Ephb2,0.0003958615659702589
Efna5_Epha3,6.681880921011268e-05
Efna5_Epha4,8.853049124788193e-05
Efna5_Epha7,0.00010855841018884386
Efna5_Epha6,3.3675261936122193e-06
Efna5_Epha10,0.0
Efna5_Epha8,0.0
Efna5_Epha1,0.00021339481774264044
Efna5_Epha2,0.0006777589560198218
Efna5_Epha5,0.0
Gnb5_Kcnj6,0.0
Sftpd_Tlr4,0.0004210544889892677
Sftpd_Sirpa,0.008343725296442648
Sftpd_Ly96,0.0014130999435347162
Gng8_Kcnj6,0.0
Pth_Lrp6,0.0
Pth_Ramp1,0.0
Pth_Pth1r,0.0
Pth_Pth2r,0.0
Gnas_Ptgdr,0.0
Gnas_Htr6,0.0
Gnas_Pth1r,2.1723361362067943
Gnas_Lhcgr,0.0
Gnas_Gcgr,0.06200506462136888
Sema3f_Nrp1,0.009372737075726232
Sema3f_Nrp2,0.0064013096806574896
Sema3f_Plxna3,0.0017591873706003986
Prl7b1_Prlr,0.0
Prl3d2_Prlr,0.0
Prl3d1_Prlr,0.0
Hmgb1_Tlr2,0.00853338862224731
Hmgb1_Itgav,0.33021411631846226
Hmgb1_Itgam,0.0034140880858272026
Hmgb1_Tlr9,0.0
Hmgb1_Tlr4,0.00225285855448897
Hmgb1_Cxcr4,0.004144893421795562
Hmgb1_Thbd,0.0249371294466403
Hmgb1_Ager,0.002229047854319547
Hmgb1_Havcr2,0.0008297113212873906
Hmgb1_Itgb3,0.004234641445510988
Hmgb1_Ly96,0.007560813099943486
Hmgb1_Tlr1,0.0011758822699040007
Lefty2_Acvr2b,0.0
Lefty2_Acvr2a,0.0
Lefty2_Acvr1b,0.0
Tnfsf18_Tnfrsf18,0.0
Icam1_Itgav,0.37015652173912844
Icam1_Itgam,0.0038270531400966044
Icam1_Itgal,0.0052971014492753585
Icam1_Ahr,0.0042274154589371825
Icam1_Itgb2,0.006514613526570022
Icam1_Muc1,0.07761074879226981
Icam1_Spn,0.0050507246376811175
Col4a4_Itgb1,0.07194484872011982
Col4a4_Cd93,0.008809250894033468
Col3a1_Itgb1,0.6065223955392388
Col3a1_Mag,0.002450649350649238
Col3a1_Ddr2,0.03160538537549397
Gng5_Kcnj6,0.0
Sema3g_Nrp2,0.00028251458686241076
Sema3g_Plxna4,3.576134010916547e-05
Prl6a1_Prlr,0.0
Lama3_Itgb4,0.0007156549971767336
Lama2_Itgb1,0.02866008493318246
Lama2_Itga7,0.0009345885093167632
Lama2_Itgb4,0.0009742377188029301
Lama2_Itga2,2.87404322730354e-05
Ccl26_Ccr2,0.0
Ccl26_Ccr3,0.0
Ccl26_Cx3cr1,0.0
Il11_Il6st,0.0015677022554739656
Il11_Il11ra1,0.0012255575945793102
Ccl21a_Ackr2,5.223665223665099e-05
Ccl21a_Cxcr3,1.3626952757385678e-05
Ccl21a_Ccr7,1.6182006399397212e-05
Fgf14_Fgfr1,0.0
Fgf14_Fgfr4,0.0
Fgf14_Fgfr2,0.0
Fgf14_Fgfr3,0.0
Prl7a1_Prlr,0.0
Gng3_Kcnj6,0.0
Il22_Il22ra1,0.0
Il22_Il22ra2,0.0
Prl2c3_Prlr,0.0
Fyn_Thy1,0.0006618726080682579
Fyn_Cd244a,2.289431582909839e-05
Fyn_Spn,0.00025369376999811544
Fgf12_Fgfr1,0.0006576792772444936
Fgf12_Fgfr4,0.0004002917372482558
Fgf12_Fgfr2,0.00012629399585921153
Fgf12_Fgfr3,0.0004156314699792945
Selplg_Sell,6.533894849112084e-05
Selplg_Cxcr2,1.91472175167821e-05
Selplg_Selp,1.683763096806537e-05
Selplg_Vsir,0.000638190915364826
Selplg_Sele,0.0
Psen1_Ephb2,0.008253538490495003
Psen1_Notch1,0.014770267896354885
Psen1_Notch3,0.01867254532906714
Psen1_Notch2,0.02037055335968391
Psen1_Notch4,0.01215581592320721
Psen1_Erbb4,0.005016421983813239
Psen1_Ncstn,0.04019973963234828
Psen1_Nectin1,0.024503789447267842
Sema6d_Plxna4,3.3079239600978096e-05
Sema6d_Plxna1,0.0003702698569546382
Sema6d_Kdr,0.0008530961791831309
Sema6d_Nrcam,0.0001247870788631648
Sema6d_Trem2,0.00013296983813288084
Sema6d_Tyrobp,0.0012392092508940224
Pla2g5_Pla2r1,2.7060982495764564e-05
Sema3b_Nrp1,0.0009893253184014034
Sema3b_Nrp2,0.0006756807202459327
Sema3b_Plxna1,0.0009573644049187486
Fgf11_Fgfr1,0.0006905632411067195
Fgf11_Fgfr4,0.00042030632411066936
Fgf11_Fgfr2,0.00013260869565217236
Fgf11_Fgfr3,0.00043641304347825997
Gcg_Dpp4,0.0
Gcg_Glp1r,0.0
Gcg_Gcgr,0.0
Gcg_Glp2r,0.0
Btla_Tnfrsf14,0.0
Rtn4_Rtn4r,0.00895211587928978
Rtn4_Rtn4rl2,0.0
Rtn4_Ngfr,0.006511260116694829
Rtn4_S1pr2,0.04506568636677344
Rtn4_Lingo1,0.000149086360499351
Rtn4_Cntnap1,0.004718756666039266
Nxph2_Nrxn1,0.0
Prl2b1_Prlr,0.0
Fgf3_Fgfr1,0.0
Fgf3_Fgfr2,0.0
Fgf3_Fgfr3,0.0
Cd160_Tnfrsf14,0.0
Sema6c_Plxna1,0.00021348892653240382
Lgals9_Cd40,0.0003681849551414716
Lgals9_Havcr2,8.615071522680018e-05
Apoc1_Vldlr,0.0015409812409812344
Ntn1_Dcc,0.0
Ntn1_Adora2b,0.0006158730158730107
Ntn1_Neo1,0.0021185849174979606
Ntn1_Robo3,0.0002374945103205956
Ntn1_Unc5d,0.0
Ntn1_Unc5a,0.00018759175607001465
Ntn1_Mcam,0.000980406549971764
Ntn1_Unc5b,0.00035084070518853
Ntn1_Unc5c,0.00020326243804504564
Wnt7b_Lrp5,0.008333296081937346
Wnt7b_Fzd1,0.041804371353284346
Wnt7b_Fzd3,0.005096761481272302
Wnt7b_Fzd7,0.008478992173285611
Wnt7b_Fzd4,0.05092858907396942
Wnt7b_Fzd10,9.626348892650826e-05
Wnt7b_Adgra2,0.028262440005646608
Wnt7b_Celsr3,4.162745467093293e-05
Vcan_Egfr,0.001972931175105082
Vcan_Tlr2,0.00047864436288349275
Vcan_Cd44,0.0008529095300834411
Vcan_Selp,2.3218206913858636e-05
Calm1_Fas,0.022863583035322054
Calm1_Sell,0.0033164674697282732
Calm1_Scn10a,0.0
Calm1_Scn4a,0.0
Calm1_Trpc5,0.0
Calm1_Kcnq3,0.0
Calm1_Adcy8,0.0
Calm1_Mylk,0.20695210803688907
Calm1_Oprm1,0.0
Calm1_Cacna1c,0.002507204027856106
Calm1_Kcnn4,0.007646405044231033
Calm1_Grm4,0.0
Calm1_Cnga2,0.0
Calm1_Kcnq1,0.0795347135955829
Calm1_Mip,0.0
Prl8a8_Prlr,0.0
Prl8a6_Prlr,0.0
Prl_Prlr,0.0
Prl2c2_Prlr,0.0
Cntf_Il6st,0.004942247788443397
Cntf_Cntfr,0.00010677583286278761
Eda_Eda2r,0.0
Eda_Edar,0.0
Nrg2_Erbb3,0.0
Nrg2_Erbb4,0.0
Btc_Egfr,0.002176248509944152
Btc_Erbb2,0.0036555626137147494
Btc_Erbb4,0.0003076710427253869
Lgals3_Il13ra2,0.0
Lgals3_Itgb1,0.5507557629870089
Lgals3_Itgb4,0.018721753246753188
Lgals3_Mag,0.002225324675324573
Lgals3_Itga3,0.14248931277056195
Lgals3_Mertk,0.009288311688311674
Lgals3_Itgb3,0.009320562770562724
Afdn_Nrxn3,0.00019648856578202454
Afdn_Nectin4,0.0006589815076228019
Afdn_Nectin3,0.026516734895539053
Afdn_Nectin1,0.009407333427442174
Afdn_Nectin2,0.026206751129305265
Reln_Itgb1,0.018963869282890823
Reln_Notch1,0.0011096508563899858
Reln_Lrp8,0.00013700592885375218
Reln_Vldlr,0.0023114718614718516
Reln_Itga5,0.0011797501411631788
Reln_Itga2b,0.0006454686617730047
Reln_Itga3,0.004906255881799318
Reln_Itgb3,0.00032092979484283577
Nxph1_Nrxn1,0.0
Nxph1_Nrxn3,0.0
Nxph1_Nrxn2,0.0
Slit2_Robo2,0.00087785973084886
Slit2_Plxna1,0.0012642547368090838
Slit2_Robo3,0.00023198561703996332
Slit2_Robo1,0.0001606511544011501
Slit2_Robo4,0.0010324177332329471
Col9a3_Mag,0.0
Wnt11_Fzd7,0.0
Wnt11_Musk,0.0
Wnt11_Ryk,0.0
Cntn2_Nrp1,0.0
Cntn2_Cntn1,0.0
L1cam_Itgav,0.1196151326933928
L1cam_Erbb2,0.021402117447769424
L1cam_Itgb1,0.09064086674195294
L1cam_Nrp1,0.005832538114059864
L1cam_Itga5,0.005638805759457917
L1cam_Erbb3,0.008193817052512743
L1cam_Cntn1,0.000540062111801235
L1cam_Itgb3,0.0015339356295877946
Ngf_Sort1,0.00034575177238220376
Ngf_Ntrk1,1.4331984440679754e-05
Ngf_Ngfr,3.682006399397628e-05
Ngf_Ntrk3,1.611613024656452e-05
Ngf_Sorcs2,4.097653554174961e-06
Ngf_Sorcs3,1.74493381015107e-06
Ngf_Trpv1,0.0
Ntf3_Ntrk1,2.350445448271484e-05
Ntf3_Ntrk2,2.2764916243176454e-05
Ntf3_Ngfr,6.03849049501212e-05
Ntf3_Ntrk3,2.643045360436586e-05
Omg_Rtn4r,0.0
Omg_Ngfr,0.0
Omg_Lingo1,0.0
Omg_Rtn4rl1,0.0
Ntf5_Ntrk1,4.0129556433901515e-06
Ntf5_Ngfr,1.0309617918312898e-05
Bsg_Cd44,0.03343926218708823
Bsg_Cav1,0.05165725578769063
Bsg_Itgb2,0.012780387728213768
Bsg_Sele,0.0
Bsg_Slc16a1,0.07262224731789936
Bsg_Spn,0.009908526256352265
Bsg_Slc16a7,0.05413438735177869
Fga_Itgb1,0.0
Fga_Tlr4,0.0
Fga_Itga5,0.0
Fga_Itga2b,0.0
Fga_Itgb2,0.0
Fga_Itgb3,0.0
Spon2_Itgb2,0.00023017637555680924
Gdf2_Bmpr2,0.0
Gdf2_Acvr1,0.0
Gdf2_Alk,0.0
Gdf2_Acvrl1,0.0
Il12a_Il12rb1,0.0
Lgals8_Itga3,0.010754956396260668
Ihh_Cdon,6.343402973837716e-05
Ihh_Ptch1,0.00025409608507434393
Ihh_Hhip,7.679277244493588e-06
Ihh_Gpc1,0.0005657467532467525
Ihh_Ptch2,7.671277997364912e-05
Ihh_Smo,0.0007204521927347974
Serpine2_Plaur,0.0035225543478260846
Srpx2_Plaur,0.0012809288537549374
Ceacam1_Plaur,0.00048218873517786584
Ceacam1_Sdc4,0.011807485569985541
Mmp12_Plaur,0.00041961462450592637
Vegfa_Itgav,0.04043726708074502
Vegfa_Sdc2,0.004605400276052427
Vegfa_Gpc1,0.003172619047619044
Vegfa_Flt1,0.00459171842650102
Vegfa_Nrp1,0.0019717563837129055
Vegfa_Nrp2,0.0013466528640441614
Vegfa_Npr1,0.002680296756383718
Vegfa_Ptprz1,4.710144927536219e-06
Vegfa_Kdr,0.004396135265700465
Vegfa_Axl,0.010714682539682436
Vegfa_Itgb3,0.0005185645272601755
Vegfa_Ptprb,0.00300910973084886
Gas6_Tyro3,0.003656169615408712
Gas6_Axl,0.09757479256854183
Gas6_Mertk,0.004706041784302646
Il7_Il2rg,0.00017968661773009575
Il7_Il7r,6.479390175041733e-06
Vim_Cd44,0.031407905138339874
Mmp7_Cd44,0.0028224143610013097
Anxa2_Cd44,0.0409624451032059
Has2_Cd44,0.0
Has2_Hmmr,0.0
Spp1_Itgav,1.9397870129870032
Spp1_Itgb1,1.46991415043289
Spp1_Cd44,0.08932436868686858
Spp1_Itgb5,0.8058129689754611
Spp1_Itga8,0.05458233225108197
Spp1_Itga4,0.006563221500721501
Spp1_Itga9,0.1656083694083694
Spp1_Itgb3,0.024875685425685315
Prg4_Cd44,0.0
Igf2_Igf1r,0.0024289913890457185
Igf2_Igf2r,0.0009204333709768504
Igf2_Insr,0.001141512563523428
Gpc3_Igf1r,0.003254530946106997
Gpc3_Cd81,0.017192575992847577
Kitl_Kit,0.00019109966120835507
Kitl_Epor,0.00011707368718238082
Pthlh_Pth1r,0.0
Igfbp5_Cav1,0.014694558159232084
Calml3_Kcnq1,0.0
S100a9_Tlr4,0.00018858225108224906
S100a9_Ager,0.00018658910533910107
Dll4_Notch1,0.00027271080368906415
Dll4_Notch3,0.00034476049313005843
Dll4_Notch2,0.00037611166007905217
Dll4_Notch4,0.0002244388763410491
Dll3_Notch1,0.0
Dll3_Notch3,0.0
Dll3_Notch2,0.0
Dll3_Notch4,0.0
Il25_Il17rb,0.0
Il17b_Il17rb,0.0
Apoe_Lrp5,0.018776605339105253
Apoe_Lrp6,0.09626893939393934
Apoe_Lrp1,0.25865755772005555
Apoe_Lrp2,1.3070873917748915
Apoe_Lrp8,0.0057859848484847504
Apoe_Vldlr,0.09761724386724376
Apoe_Sorl1,0.20102047258297162
Apoe_Abca1,0.08535939754689752
Apoe_Ldlr,0.052238005050505146
Apoe_Scarb1,0.06392135642135653
Apoe_Sdc4,1.3474954906204883
Apoe_Sdc1,0.18515151515151398
Apoe_Trem2,0.01790900072150069
Ptn_Sdc2,0.0018598731884057918
Ptn_Nrp1,0.0007962862318840596
Ptn_Alk,0.0
Ptn_Ptprz1,1.9021739130434772e-06
Ptn_Sdc4,0.020820833333333285
Ptn_Sdc1,0.002860869565217371
Ptn_Ptprb,0.0012152173913043498
Rspo3_Fzd8,5.7531055900619795e-05
Rspo3_Lrp6,0.00017386363636363313
Rspo3_Lgr4,0.0004686758893280516
Rspo3_Lgr6,1.4928006775832344e-06
Rspo3_Sdc4,0.0024336038961038486
Rspo3_Lgr5,8.893280632410819e-07
Tnc_Egfr,0.007319424054206632
Tnc_Itgav,0.06871507622811922
Tnc_Itgb1,0.0520702851496325
Tnc_Itga7,0.0016979813664596169
Tnc_Itga8,0.0019335262563523292
Tnc_Tlr4,0.00046880293619423584
Tnc_Itga9,0.005866516092603036
Tnc_Itga2,5.2216261998860645e-05
Tnc_Sdc4,0.08760974025973996
Tnc_Itgb3,0.0008811970638057536
Tnc_Itgb6,0.0198471343873516
Tgm2_Sdc4,0.6596869227994219
Htra2_Cd40,0.0007576259489302867
Ptpn6_Cd22,1.0062582345186892e-05
Ptpn6_Ros1,3.361330698286819e-05
St6gal1_Cd22,1.6899978041275445e-05
Grp_Nmbr,0.0
Grp_Grpr,0.0
Ptpn11_Ros1,0.00011253685927597644
Il19_Il20rb,0.0
Il19_Il20ra,0.0
Il24_Il20rb,6.74446326620218e-06
Il24_Il22ra1,0.0
Il24_Il20ra,0.0
Ifng_Ifngr1,0.0
Ifng_Ifngr2,0.0
Tac1_Tacr1,0.0
Tac1_Tacr2,0.0
Tac1_Tacr3,0.0
Tac1_Grpr,0.0
Tac2_Tacr1,0.0
Tac2_Tacr2,0.0
Tac2_Tacr3,0.0
Ang_Egfr,0.004405208921513256
Tnfsf12_Egfr,0.003930801806888753
Tnfsf12_Tnfrsf12a,0.013042017221908406
Tnfsf12_Tnfrsf25,6.529503105589773e-05
Ereg_Egfr,0.0
Spink1_Egfr,0.025030623000188157
Hsp90aa1_Egfr,0.07866121776773931
Hsp90aa1_Fgfr3,0.03618071946169776
Hsp90aa1_Lrp1,0.18073156173536453
Hsp90aa1_Cftr,0.010133714473931837
Lrig1_Egfr,0.0027033675261936003
Epgn_Egfr,0.0
Agtrap_Rack1,0.4221788819875786
Dkk3_Kremen1,0.006706443315138987
Dkk4_Lrp6,0.0
Dkk4_Kremen1,0.0
Lypd3_Agr2,1.3865361691448579e-06
Vwf_Lrp1,0.019602609558315897
Vwf_Itgav,0.08009689440993739
Vwf_Itga4,0.00027100586611456147
Vwf_Tnfrsf11b,3.4208937198058026e-05
Vwf_Itga2b,0.002065864389233944
Vwf_Itga2,6.086525189784894e-05
Vwf_Itgb3,0.0010271566597653495
Vwf_Gp9,0.0
Vwf_Stab2,0.0005606711525189717
Vwf_Gp5,0.0
Vwf_Gp1ba,0.0
Vwf_Gp1bb,2.487922705313983e-05
Angptl3_Itgav,0.0
Angptl3_Itga5,0.0
Angptl3_Itgb3,0.0
F7_F2rl1,0.0
F7_F3,0.0
Nptx2_Nptxr,0.0
Nptx1_Nptxr,0.0
Fgb_Itga5,0.0
Angptl8_Gpihbp1,0.00044327200577199956
Cd6_Alcam,0.0
Trf_Tfrc,0.01971329051383395
Trf_Tfr2,0.0006719061735365861
Ifnb1_Ifnar1,0.0
Ifnb1_Ifnar2,0.0
Lhb_Lhcgr,0.0
Pdgfd_Pdgfra,0.0014241318464144508
Pdgfd_Pdgfrb,0.003173090767927694
Il34_Csf1r,0.008228379681912291
Alox5ap_Alox5,2.41612554112549e-05
S100a8_Tlr4,0.00025899915302088995
S100a8_Ly96,0.0008692264257481595
Sema3d_Nrp1,0.0
Pdyn_Oprk1,0.0
Cp_Slc40a1,0.020024903538490454
Cd86_Cd28,6.639375117634873e-06
Icosl_Cd28,4.406722504547862e-05
Icosl_Icos,5.415490306794389e-05
Il1rn_Il1rl2,0.00013296395633352089
Il1rn_Il1r1,0.0006198510728401995
Il1rn_Il1r2,0.00016418807641633434
Nms_Nmur2,0.0
Nms_Nmur1,0.0
Pdcd1lg2_Pdcd1,0.0
Pdcd1lg2_Pdcd2,0.0
Psap_Lrp1,0.26024929653679435
Psap_Gpr37l1,0.002034902597402525
Psap_Gpr37,0.0011737554112553822
Podxl2_Sell,0.00013789957023652358
Cfh_Itgam,0.008721237216889362
Cfh_Sell,0.004103285965242406
Cntn6_Notch1,5.955753184013928e-05
Rbp3_Notch1,0.0
Ccn3_Notch1,0.0
Dlk2_Notch1,5.3288317962230495e-05
Dlk1_Notch1,0.0
Dlk1_Notch3,0.0
Dlk1_Notch2,0.0
Egfl7_Itgav,0.19723771880293517
Egfl7_Notch1,0.008745553359683815
Egfl7_Notch3,0.01105611236589502
Egfl7_Notch2,0.012061511857707582
Mfap2_Notch1,0.0010751701800614845
Mfap5_Notch1,0.0013541501976284602
Dspp_Itgav,0.0
Dspp_Itgb6,0.0
Fbn1_Itgav,0.2612869565217376
Agrn_Lrp4,0.001901375948930247
Agrn_Musk,0.0
Agrn_Atp1a3,0.00043252674258106036
Proc_Procr,0.0001714693519041322
Nppb_Npr3,0.0
Nppb_Npr1,0.0
Nppb_Npr2,0.0
Nppa_Npr3,0.0
Nppa_Npr1,0.0
Nppa_Npr2,0.0
Tfpi_F3,0.0007970261622435541
Gdf10_Bmpr1b,9.541062801931743e-06
Gdf10_Bmpr1a,8.74396135265652e-05
Gdf10_Acvr1,2.1168203776898263e-05
Bmp6_Acvr2b,1.692703431833835e-05
Bmp6_Bmpr1b,2.180814354727363e-05
Bmp6_Bmpr2,0.0002000501913545378
Bmp6_Bmpr1a,0.00019986197377501604
Bmp6_Acvr1,4.8384465775769844e-05
Bmp6_Hjv,1.530836313444862e-06
Pltp_Abca1,0.006663171701486909
Cck_Cckar,0.016588469712654427
Cck_Cckbr,0.0
Gnrh1_Gnrhr,0.0
Mmp14_Flt1,0.002994249952945591
S100a10_Trpv5,0.03315546772068508
S100a10_Trpv6,0.010206411945542292
Shank3_Ret,0.0
Sostdc1_Lrp6,0.01989128787878786
Wnt5b_Lrp6,0.0010818181818181755
Guca2b_Gucy2c,0.0
Adam3_Cd9,0.0
Slurp1_Chrna7,4.093732354601594e-06
Clec4g_Tyrobp,0.0
Col18a1_Gpc1,0.07794548160173172
Col18a1_Itgb5,0.41270052308801886
Col18a1_Gpc4,0.3341323593073573
C1qtnf5_Mfrp,0.0
Slpi_Plscr4,0.00027542505803375205
Prnd_Rpsa,0.0
Ptma_Vipr1,0.0013869282891021822
Mst1_Mst1r,0.0
Ccl1_Ccr8,0.0
Flt3l_Flt3,0.0
Cxcl9_Cxcr3,0.0
Cxcl9_Ccr3,0.0
Cxcl9_Dpp4,0.0
Ccl28_Ackr2,3.1746031746029934e-06
Ccl28_Ccr3,0.0
Ccl28_Ccr10,5.175983436852421e-07
Ctsd_Lrp1,0.3654943750392088
Hspa1b_Lrp1,0.10263255066189765
Gip_Dpp4,0.0
Gip_Gipr,0.0
Retn_Tlr4,0.00011671842650103397
Npb_Npbwr1,0.0
Npw_Npbwr1,0.0
Uts2b_Sstr5,0.0
Uts2b_Uts2r,0.0
Pon2_Htr2a,0.00013963783800739348
Tnfsf15_Tnfrsf25,5.003450655624323e-06
Ccl27a_Ackr2,5.584415584415463e-05
Ccl27a_Ccr10,9.105025409372533e-06
Sema4c_Plxnb2,0.008637019260932187
Ccl20_Cxcr3,2.220967438358422e-06
Ccl20_Ccr6,0.0
Ccl19_Cxcr3,4.366647844908126e-06
Ccl19_Ackr4,3.0475563084253445e-06
Ccl19_Ccr7,5.185394315828951e-06
Ccl21b_Cxcr3,0.0
Ccl21b_Ccr7,0.0
Liph_Lpar1,0.00026281487232574066
Apela_Aplnr,0.005614910361377735
Cd200_Cd200r1,3.32972582972575e-05
Cd200_Cd200r2,0.0
Col4a3_Itgb1,0.051106020609824505
Col4a3_Itga2,5.124929418406694e-05
Col8a1_Itga2,9.3473555430059e-06
Col8a1_Itga1,0.00461431865236208
Nps_Npsr1,0.0
Prok1_Prokr2,0.0
Prok1_Prokr1,0.0
Insl5_Rxfp4,0.0
Ghrl_Ghsr,0.0
Ccl27b_Ccr10,0.0
Rtn3_Rtn4r,0.00929027542505802
Prlh_Prlhr,0.0
Prl8a2_Pgr,0.0
Rgmb_Neo1,0.0032160992690883996
Rgma_Neo1,0.0015616373360938583
Hspg2_Itgb1,0.32672496823828107
Hspg2_Col13a1,0.0020399832956897665
Hspg2_Ptprs,0.0361624705910031
Ostn_Npr3,0.0
Hp_Itgam,0.0013134481460568366
Gh_Ghr,0.0
Selenop_Lrp2,0.2168278750235271
Selenop_Lrp8,0.0009598155467720519
Tcn2_Lrp2,0.46486847237907003
Cubn_Lrp2,0.009792226613965694
Nrg3_Erbb3,0.0
Nrg3_Erbb4,0.0
Ncam1_Fgfr1,0.008829344297007366
Colq_Musk,0.0
Alkal1_Alk,0.0
Thbs2_Notch3,0.00047949447895099964
Col4a6_Itgb1,0.02999934123847135
Col4a6_Cd93,0.0036732542819499126
Col4a5_Itgb1,0.03562421772068482
Jam2_Itgb1,0.02217808441558425
Jam2_Itga4,9.9025974025974e-05
Gng13_Kcnj6,0.0
Gng2_Kcnj6,0.0
Gng12_Kcnj6,0.0
Gnb4_Kcnj6,0.0
Camp_P2rx7,0.0
Sftpa1_Sirpa,0.0
Thpo_Mpl,1.0195118890766207e-06
Tctn1_Tmem67,0.00015319107221280944
Sema6b_Plxna4,3.9337474120082156e-05
Nrg4_Erbb4,0.0
Adamts3_Ccbe1,0.0
Cdh1_Lrp6,0.058064015151515096
Cdh1_Lrp1,0.15600770554928026
Cdh1_Selp,0.000799078518100242
Cdh1_Itgb2,0.011218920964301349
Col1a1_Itgav,0.9370559006211133
Col1a1_Itga2,0.0007120643547272627
Col1a1_Itga1,0.351510308833676
Col1a1_Mag,0.0028690476190474886
Col1a1_Ddr2,0.037001358695652076
Il16_Egfr,0.0022741420415333374
Il16_Lrp6,0.001944696969696966
Il16_Itgb7,0.00021801163812033215
Il16_Lrp1,0.005225055681033891
Il16_Tlr2,0.0005517198381328807
Il16_Itgav,0.021349745906267502
Il16_Itgam,0.00022073530334399793
Il16_Erbb2,0.0038199996863039977
Il16_Itgal,0.000305524185958968
Il16_Itgb1,0.01617821616788994
Il16_Cd44,0.000983124725516027
Il16_Cd93,0.0019809335591944215
Il16_Acvr2b,0.0001597488863793188
Il16_Bmpr1b,0.00020581435472739564
Il16_Acvr2a,0.0005338383838383811
Il16_Tgfbr2,0.003838236401279854
Il16_Bmpr2,0.0018879736809084575
Il16_Bmpr1a,0.0018861973775017211
Il16_Tgfbr1,0.004280891210239004
Il16_Lrp2,0.02640403961980045
Il16_Gpc1,0.001675054112554113
Il16_Cav1,0.0015187394127611513
Il16_Ret,2.167090156220391e-05
Il16_Notch1,0.0009466512955643399
Il16_Acvr1,0.0004566283957588296
Il16_Nrp1,0.0010410322165756963
Il16_Nrp2,0.0007109950436037365
Il16_Dcc,0.0
Il16_Lrp8,0.00011688076416337072
Il16_Notch2,0.0013055830039525752
Il16_Vldlr,0.001971933621933617
Il16_Sell,0.00010385453918062392
Il16_Itgb5,0.008868964489616563
Il16_Plxna4,8.999937260806679e-05
Il16_Itga4,7.223633854068625e-05
Il16_Plxnb2,0.01716039353158902
Il16_Itga2b,0.0005506540560888355
Il16_Itga9,0.0018227241357676109
Il16_Erbb3,0.0014624898048811157
Il16_Erbb4,0.0003215109166196088
Il16_Plxna1,0.0010074008720747842
Il16_Rtn4r,0.00030576102641319947
Il16_Musk,0.0
Il16_Nrxn1,5.565750674444036e-06
Il16_Nrxn3,3.2802402911095264e-05
Il16_Selp,2.6762971328188186e-05
Il16_Ptgdr,0.0
Il16_Htr6,0.0
Il16_Rtn4rl2,0.0
Il16_Cntn1,9.639406487232443e-05
Il16_Itgb2,0.00037574738063868296
Il16_Sdc4,0.027220310245310166
Il16_Itgb3,0.00027378756509191125
Il16_Lhcgr,0.0
Il16_Gcgr,0.001877434280695145
Il16_Gpc4,0.007180528891398404
Il16_Nectin1,0.0015704890520107978
Il16_Cntnap1,0.00016116992910471118
Lamb1_Egfr,0.05629631093544123
Lamb1_Lrp6,0.048140909090909054
Lamb1_Itgb7,0.005396870882740414
Lamb1_Lrp1,0.12934608036890533
Lamb1_Tlr2,0.013657806324110663
Lamb1_Itgav,0.528512252964424
Lamb1_Cd44,0.024337220026350418
Lamb1_Cd93,0.049037944664031496
Lamb1_Lrp2,0.6536311264822132
Lamb1_Notch1,0.023434321475625873
Lamb1_Notch3,0.029625625823452024
Lamb1_Cd47,0.16099736495388536
Lamb1_Itga7,0.013059782608695593
Lamb1_Cd36,0.057164031620553155
Lamb1_Lrp8,0.0028933794466402666
Lamb1_Notch2,0.03231966403162074
Lamb1_Vldlr,0.04881515151515145
Lamb1_Notch4,0.019286264822134358
Lamb1_Itgb4,0.013613833992094818
Lamb1_Tlr4,0.003605731225296412
Lamb1_Itga5,0.024914723320158053
Lamb1_Col13a1,0.0025005599472990147
Lamb1_Itga2b,0.013631422924901123
Lamb1_Itga9,0.04512147562582343
Lamb1_Itga2,0.0004016139657443239
Lamb1_Itga1,0.1982565876152818
Lamb1_Mag,0.0016181818181817437
Lamb1_Plxna1,0.02493817523056654
Lamb1_Flrt2,0.005478952569169925
Lamb1_Selp,0.0006625164690381957
Lamb1_Ddr2,0.02086926877470349
Lamb1_Itgb2,0.009301613965744361
Lamb1_Itga3,0.10361347167325369
Lamb1_Cd79a,0.0014540184453227204
Lamb1_Sdc4,0.6738378787878776
Lamb1_Itgb3,0.006777602108036857
Lamb1_Itgb6,0.1526514163372848
Comp_Itgb1,0.0
Calr_Egfr,0.07778017598343666
Calr_Ryr2,0.0002551630434782302
App_Egfr,0.08003172720998789
App_Tlr4,0.005125964615095008
App_Ldlr,0.0371361550285464
App_Selp,0.0009418439048873656
App_Itgb2,0.013223321726582544
Plg_Itgb1,0.0
Dll1_Itgav,0.003251948051948034
Dll1_Itgb1,0.0024642316017315837
Dll1_Cd93,0.000301731601731601
Lama5_Itgav,0.2870904573687167
Lama5_Itgb1,0.21754879423112958
Lama5_Cd93,0.026637652926783297
Lama5_Col13a1,0.0013583164721751339
Lama5_Itga2b,0.00740465603237339
Lama5_Itga2,0.00021815868310429368
Lama5_Itga1,0.10769395429449699
Lama5_Mag,0.0008790043290042886
Lama5_Ptprs,0.024078667497960914
Lnx2_Lrp6,0.0030136363636363555
Lnx2_Itgb2,0.000582284020327495
Icam5_Itgav,0.0021915302089214987
Icam5_Itgb1,0.001660677818558239
Icam5_Cd93,0.00020334086203651345
Sema6a_Egfr,0.0009789353158918285
Sema6a_Lrp6,0.0008371212121212058
Sema6a_Lrp1,0.002249196154087424
Sema6a_Lrp2,0.011365977319781588
Sema6a_Tlr4,6.26999811782411e-05
Sema6a_Selp,1.1520484346571008e-05
Sema6a_Itgb2,0.00016174556120208118
Lama4_Egfr,0.001882567915176602
Lama4_Lrp6,0.0016098484848484803
Lama4_Itgb7,0.0001804732103645132
Lama4_Lrp1,0.004325377219398911
Lama4_Tlr2,0.0004567217203086756
Lama4_Itgav,0.017673630717108844
Lama4_Itgam,0.0001827279001192034
Lama4_Itgal,0.0002529173724825891
Lama4_Cd44,0.0008138449714536639
Lama4_Lrp2,0.02185764869188777
Lama4_Notch1,0.0007836517347386912
Lama4_Cd47,0.0053838070142417415
Lama4_Cd36,0.0019115847920195637
Lama4_Nrp1,0.0008617816362381583
Lama4_Lrp8,9.675559947298891e-05
Lama4_Vldlr,0.001632395382395377
Lama4_Sell,8.597230064621177e-05
Lama4_Tlr4,0.00012057688688123344
Lama4_Itga5,0.000833156879352528
Lama4_Itga2b,0.0004558394504046647
Lama4_Itga9,0.0015088775958341136
Lama4_Plxna1,0.0008339411192672047
Lama4_Ldlr,0.000873545234958278
Lama4_Scarb1,0.0010689190037016117
Lama4_Flrt2,0.0001832180500658746
Lama4_Selp,2.2154777589559733e-05
Lama4_Itgb2,0.0003110491561578498
Lama4_Itga3,0.0034648699730221197
Lama4_Sdc4,0.02253336940836932
Lama4_Itgb3,0.0002266453353409859
Lama4_Itgb6,0.005104715634606891
Hsp90b1_Egfr,0.07771240353849028
Hsp90b1_Tek,0.06323743647656704
Hsp90b1_Ldlr,0.036059947299077785
Hsp90b1_Scarb1,0.04412497647280262
Hsp90b1_Selp,0.0009145492188970276
Hsp90b1_Itgb2,0.012840109166196066
Hsp90b1_Ryr2,0.00025494071146241995
Hsp90b1_Cftr,0.010011481272350808
Sema4d_Egfr,0.003471455235585661
Sema4d_Lrp6,0.002968560606060603
Sema4d_Lrp1,0.00797599559257161
Sema4d_Lrp2,0.040305504187841124
Sema4d_Tlr4,0.0002223437794089949
Sema4d_Selp,4.085340987514823e-05
Sema4d_Itgb2,0.0005735746439550762
Thbs4_Egfr,0.0
Thbs4_Lrp6,0.0
Thbs4_Lrp1,0.0
Thbs4_Itgav,0.0
Thbs4_Itgb1,0.0
Thbs4_Cd93,0.0
Thbs4_Selp,0.0
Nid2_Egfr,0.0021536576949620287
Nid2_Itgav,0.020218633540372476
Nid2_Itgb1,0.015321092132505
Nid2_Cd44,0.0009310386473429898
Nid2_Cd93,0.0018759834368529897
Nid2_Gpc1,0.0015863095238095196
Nid2_Notch1,0.000896497584541061
Nid2_Notch3,0.0011333505866114558
Nid2_Notch2,0.0012364130434782629
Nid2_Notch4,0.0007378105590062071
Nid2_Itgb5,0.008399085576259369
Nid2_Itga2b,0.0005214803312629354
Nid2_Itga9,0.0017261559696342226
Nid2_Mag,6.19047619047588e-05
Nid2_Plxna1,0.0009540286404416803
Nid2_Selp,2.5345065562456287e-05
Nid2_Ddr2,0.0007983695652173854
Nid2_Itgb2,0.00035584023464457955
Nid2_Gpc4,0.0068001035196686675
Vcl_Lrp6,0.013657954545454527
Vcl_Lrp1,0.036696500329380426
Adam2_Egfr,0.0
Adam2_Lrp1,0.0
Col2a1_Itgb1,0.0
Col2a1_Cd44,0.0
Col2a1_Cd93,0.0
Col2a1_Ddr2,0.0
Pros1_Egfr,0.003207895727460926
Pros1_Lrp6,0.002743181818181807
Pros1_Lrp1,0.007370442781855737
Pros1_Itgb2,0.0005300277620929755
Ntn3_Itgb1,0.0034284961415395774
Ntn3_Cd93,0.0004198004893657036
C3_Egfr,0.006656760148064471
C3_Lrp6,0.005692424242424231
C3_Itgb7,0.0006381532718489192
C3_Tlr2,0.0016149680030114783
C3_Itgav,0.06249395821569692
C3_Cd44,0.0028777558190601583
C3_Lrp2,0.07728864577451522
C3_Cd36,0.006759363824581183
C3_Vldlr,0.005772150072150057
C3_Tlr4,0.0004263598720120418
C3_Itga5,0.0029460427253905417
C3_Ldlr,0.0030888559508124736
C3_Scarb1,0.0037796975970889025
C3_Selp,7.833929355668329e-05
Anxa1_Ryr2,9.295948616599672e-05
Slit1_Egfr,0.0
Slit1_Lrp1,0.0
Slit1_Itgav,0.0
Slit1_Itgb1,0.0
Slit1_Cd44,0.0
Slit1_Cd93,0.0
Slit1_Lrp2,0.0
Slit1_Notch1,0.0
Slit1_Notch3,0.0
Slit1_Notch2,0.0
Slit1_Itga5,0.0
Slit1_Itga2b,0.0
Slit1_Selp,0.0
Slit1_Itgb2,0.0
Slit1_Itga3,0.0
Slit1_Itgb3,0.0
Sema4g_Egfr,0.0
Sema4g_Lrp6,0.0
Sema4g_Itgav,0.0
Sema4g_Itgb1,0.0
Sema4g_Cd93,0.0
Sema4g_Acvr2a,0.0
Sema4g_Notch1,0.0
Sema4g_Nrp1,0.0
Sema4g_Itgb2,0.0
Podxl_Prlr,0.0014455580651232842
Lamc2_Egfr,0.03439075067444625
Lamc2_Lrp6,0.029408712121212106
Lamc2_Lrp1,0.07901599104397951
Lamc2_Itgav,0.32286188594014514
Lamc2_Cd44,0.01486731993851557
Lamc2_Cd93,0.029956700545830914
Lamc2_Gpc1,0.025331033549783593
Lamc2_Notch1,0.014315749890206446
Lamc2_Notch3,0.018097944507183713
Lamc2_Nrp1,0.015743026930798716
Lamc2_Notch2,0.019743700592885494
Lamc2_Notch4,0.011781751129305464
Lamc2_Itga2b,0.008327275079992437
Lamc2_Itgb2,0.0056822459846916145
Lamc2_Itgb3,0.00414035698600914
Hc_Egfr,0.0
Hc_Lrp6,0.0
Hc_Itgb7,0.0
Hc_Lrp1,0.0
Hc_Tlr2,0.0
Hc_Itgav,0.0
Hc_Lrp2,0.0
Hc_Cd36,0.0
Hc_Tlr4,0.0
Hc_Itga5,0.0
Hc_Ldlr,0.0
Hc_Scarb1,0.0
Hc_Selp,0.0
Hc_Itgb2,0.0
Jag1_Lrp1,0.02280338870067108
Jag1_Itgav,0.0931753811405979
Jag1_Itgb1,0.07060559241483093
Jag1_Cd44,0.00429059068950372
Jag1_Cd93,0.00864526632787499
Jag1_Itga2b,0.0024031855825333943
Vcam1_Lrp1,0.0066264779001191315
Egf_Lrp6,0.0023568181818181696
Egf_Itgav,0.025874195369847287
Egf_Itgb1,0.01960671230942947
Egf_Cd93,0.002400734048560119
Egf_Notch1,0.0011472661396574413
Egf_Notch2,0.0015822628458498046
Egf_Itga2b,0.0006673489553924277
Egf_Itgb2,0.00045537596461509114
Egf_Itgb3,0.0003318087709392026
Adam15_Cd93,0.0142600978731413
Sema4a_Egfr,0.003772666102013916
Sema4a_Lrp6,0.003226136363636359
Sema4a_Acvr2a,0.0008856060606060566
Sema4a_Itgb2,0.000623342508940332
Tln1_Egfr,0.029616558441558357
Tln1_Lrp6,0.025326136363636335
Tln1_Itgb7,0.0028392045454545267
Tln1_Lrp1,0.0680468344155838
Tln1_Tlr2,0.007185146103896097
Tln1_Itgav,0.2780415584415568
Tln1_Cd44,0.012803409090909065
Tln1_Lrp2,0.343864529220779
Tln1_Cd36,0.03007305194805183
Tln1_Tlr4,0.001896915584415568
Tln1_Itga5,0.013107224025973994
Tln1_Ldlr,0.013742613636363653
Tln1_Scarb1,0.016816233766233785
Tln1_Selp,0.0003485389610389544
Tln1_Itga3,0.05450933441558409
Tln1_Itgb3,0.0035655844155843964
Tln1_Itgb6,0.08030738636363575
Col9a2_Itgav,0.0
Col9a2_Itgb1,0.0
Col9a2_Cd44,0.0
Col9a2_Cd93,0.0
Col9a2_Itga2,0.0
Col9a2_Itga1,0.0
Col9a2_Ddr2,0.0
Sema3c_Egfr,0.031032249513771176
Sema3c_Lrp6,0.026536742424242407
Sema3c_Lrp1,0.07129951808457183
Sema3c_Itgb2,0.0051273342901060085
Col1a2_Itgav,0.7514827780914694
Col1a2_Itga2b,0.01938229343120638
Col1a2_Itga1,0.2818977429575234
Col1a2_Mag,0.0023008658008656945
Col1a2_Ddr2,0.029673666007905036
Bmp10_Ryr2,0.0
F9_Ryr2,0.0
F8_Scarb1,0.0005387351778656118
F8_Selp,1.1166007905138095e-05
Col4a1_Itga2,0.0004809590469915641
Col4a1_Itga1,0.23742525801493028
Col4a1_Mag,0.0019378787878786994
Col4a1_Ddr2,0.02499231719367582
Col4a2_Itgav,0.5550933935629557
Col4a2_Cd44,0.025561242863416732
Col4a2_Itga2b,0.01431700545830974
Col4a2_Itga2,0.00042181284898668155
Col4a2_Itga1,0.2082277589560183
Col4a2_Mag,0.0016995670995670212
Col4a2_Ddr2,0.02191887351778649
Lipc_Ryr2,2.495059288537246e-06
Ntng2_Itgb1,0.0
Ntng2_Itgb2,0.0
Apob_Egfr,0.0004442860279816742
Apob_Tlr2,0.00010778632599284651
Apob_Itga5,0.00019662502352719492
Apob_Selp,5.2285275111360525e-06
Apob_Dchs1,8.016304347825936e-05
Apob_Itgb3,5.348829914047221e-05
Apob_Itgb6,0.0012047128897672158
Amh_Acvr2a,0.0
Lama1_Egfr,0.0003463924963924955
Lama1_Lrp1,0.0007958694083694015
Lama1_Itgav,0.003251948051948034
Lama1_Cd44,0.0001497474747474745
Lama1_Cd93,0.000301731601731601
Lama1_Lrp2,0.004021807359307359
Lama1_Itga6,0.0008210497835497785
Lama1_Notch1,0.0001441919191919195
Lama1_Itga5,0.0001533008658008655
Lama1_Col13a1,1.53860028860025e-05
Lama1_Itga2b,8.38744588744585e-05
Lama1_Mag,9.9567099567095e-06
Lama1_Robo2,0.000106547619047619
Lama1_Plxna1,0.000153445165945166
Lama1_Flrt2,3.3712121212121e-05
Lama1_Selp,4.076479076479e-06
Lama1_Ddr2,0.00012840909090909051
Lama1_Itgb2,5.72330447330445e-05
Lama1_Itga3,0.0006375360750360715
Lama1_Cd79a,8.946608946608501e-06
Lama1_Itgb3,4.1702741702741496e-05
Lama1_Robo1,1.94985569985565e-05
Lama1_Itgb6,0.00093926767676767
Lama1_Gp9,0.0
Lama1_Stab2,2.27633477633475e-05
Lama1_Gp1ba,0.0
Lama1_Gp1bb,1.010101010101e-06
Thbs1_Lrp6,0.016433333333333324
Thbs1_Cd44,0.00830772946859902
Thbs1_Cd93,0.016739544513457518
Thbs1_Notch1,0.007999516908212578
Thbs1_Notch3,0.010112974465148418
Thbs1_Notch2,0.011032608695652238
Thbs1_Itga2b,0.004653209109730828
Thbs1_Selp,0.00022615596963422628
Grn_Itgav,0.7077935629587768
Grn_Itgb1,0.5363453651421005
Grn_Cd93,0.06567253905514761
Col9a1_Itgav,0.0
Col9a1_Itgb1,0.0
Col9a1_Cd44,0.0
Col9a1_Cd93,0.0
Col9a1_Notch4,0.0
Col9a1_Itgb5,0.0
Col9a1_Itga2b,0.0
Col9a1_Itga2,0.0
Col9a1_Itga1,0.0
Col9a1_Ddr2,0.0
Nlgn2_Itgb1,0.03214215132693368
Fn1_Egfr,0.018938633226676656
Fn1_Lrp1,0.043513294827153146
Fn1_Tlr2,0.0045946205063052865
Fn1_Itgav,0.17779672501411536
Fn1_Cd93,0.01649684735554297
Fn1_Lrp2,0.21988794584039145
Fn1_Notch1,0.007883536451471251
Fn1_Cd36,0.019230543007716854
Fn1_Tlr4,0.001213003482025211
Fn1_Ldlr,0.008787865063680296
Fn1_Scarb1,0.010753325177238237
Fn1_Selp,0.00022287706255097142
Fn1_Itgb3,0.002280052073530323
Fn1_Itgb6,0.05135343928414544
Fbln1_Itgav,0.3473221908526238
Pcsk9_Itgb2,0.0
Dscam_Egfr,0.0
Dscam_Lrp6,0.0
Dscam_Itgb7,0.0
Dscam_Lrp1,0.0
Dscam_Tlr2,0.0
Dscam_Cd44,0.0
Dscam_Lrp2,0.0
Dscam_Cd36,0.0
Dscam_Vldlr,0.0
Dscam_Tlr4,0.0
Dscam_Itga5,0.0
Dscam_C5ar2,0.0
Dscam_Ldlr,0.0
Dscam_Scarb1,0.0
Dscam_Selp,0.0
Dscam_Itgb2,0.0
Dscam_Itgb3,0.0
Dscam_Itgb6,0.0
Gnai2_Ryr2,0.00022040513833989446
Fat4_Lrp1,0.0013841207102076479
Fat4_Itgav,0.005655561829474814
Fat4_Itgb1,0.004285620176924472
Fat4_Cd44,0.00026043039086517174
Fat4_Cd93,0.0005247506117071295
Fat4_Itga7,0.00013975155279502975
Fat4_Cd36,0.0006117071334462587
Fat4_Itgb4,0.00014568040654997058
Fat4_Itga5,0.0002666102013928082
Fat4_Col13a1,2.675826588869987e-05
Fat4_Itga2b,0.00014586862412949232
Fat4_Itga2,4.2976347324165e-06
Fat4_Apobr,2.785620176924508e-05
Fat4_Mttp,0.00014194742455611928
Fat4_Lsr,0.0010069954200388853
Fat4_Itga3,0.0011087583913670753
Fat4_Itgb3,7.252650730911528e-05
Adam10_Egfr,0.0488714630779847
Adam10_Lrp6,0.041791666666666644
Adam10_Itgb1,0.34767093685299955
Adam10_Selp,0.0005751380262249721
Adam10_Itgb2,0.0080748360938578
Adam12_Itgav,0.023753359683794283
Adam12_Cd93,0.0022039525691699502
Adam12_Notch1,0.001053227931488801
Adam12_Notch2,0.0014525691699604794
Adam12_Itgb2,0.0004180500658761502
Nlgn3_Lrp6,0.0
Nlgn3_Itgb2,0.0
Slit3_Egfr,0.0004819373862852088
Slit3_Lrp6,0.0004121212121212098
Slit3_Lrp1,0.0011072965681661183
Slit3_Itgav,0.004524449463579851
Slit3_Itgal,6.474684735554265e-05
Slit3_Itgb1,0.0034284961415395774
Slit3_Cd44,0.0002083443126921374
Slit3_Cd93,0.0004198004893657036
Slit3_Lrp2,0.005595558065123254
Slit3_Notch1,0.0002006148440931044
Slit3_Notch3,0.0002536169144864794
Slit3_Nrp1,0.00022061609887696792
Slit3_Notch2,0.0002766798418972334
Slit3_Vldlr,0.0004178932178932153
Slit3_Tlr4,3.086768304159568e-05
Slit3_Itga5,0.0002132881611142466
Slit3_Itga2b,0.00011669489930359385
Slit3_Selp,5.671623062927277e-06
Slit3_Itgb2,7.962858397640933e-05
Slit3_Itga3,0.0008870067130936603
Slit3_Itgb3,5.802120584729223e-05
Slit3_Itgb6,0.0013068072024593604
Adam17_Egfr,0.0048570252211556425
Adam17_Lrp6,0.004153409090909087
Adam17_Lrp1,0.011159473226049214
Adam17_Tlr4,0.00031108836815358287
Adam17_Selp,5.715932618106423e-05
Adam17_Itgb2,0.0008025068228872541
Dmp1_Egfr,0.0
Sema5a_Lrp6,0.004874621212121198
Sema5a_Itgav,0.05351575381140558
Sema5a_Itgb1,0.04055268092414793
Tg_Egfr,0.0
Tg_Itgb7,0.0
Tg_Lrp1,0.0
Tg_Itgav,0.0
Tg_Itgal,0.0
Tg_Itgb1,0.0
Tg_Cd44,0.0
Tg_Cd93,0.0
Tg_Itga6,0.0
Tg_Notch1,0.0
Tg_Notch3,0.0
Tg_Itga7,0.0
Tg_Cd36,0.0
Tg_Nrp1,0.0
Tg_Lrp8,0.0
Tg_Vldlr,0.0
Tg_Itgb4,0.0
Tg_Itga5,0.0
Tg_Col13a1,0.0
Tg_Itga2b,0.0
Tg_Itga9,0.0
Tg_Itga2,0.0
Tg_Itga1,0.0
Tg_Mag,0.0
Tg_Robo2,0.0
Tg_Plxna1,0.0
Tg_Flrt2,0.0
Tg_Selp,0.0
Tg_Ddr2,0.0
Tg_Itgb2,0.0
Tg_Itga3,0.0
Tg_Cd79a,0.0
Tg_Itgb3,0.0
Tg_Robo1,0.0
Tg_Itgb6,0.0
Tg_Stab2,0.0
Tg_Gp1ba,0.0
Postn_Lrp1,0.03636777166070612
Sema3e_Egfr,0.0003463924963924955
Sema3e_Lrp6,0.00029621212121212103
Sema3e_Lrp1,0.0007958694083694015
Sema3e_Selp,4.076479076479e-06
Sema3e_Itgb2,5.72330447330445e-05
Jag2_Itgav,0.0294089215132691
Jag2_Itgb1,0.022285224920007302
Jag2_Cd44,0.0013542380324988962
Jag2_Cd93,0.0027287031808770797
Jag2_Itga2b,0.0007585168454733618
Jag2_Itga2,2.234770060856585e-05
Jag2_Itga1,0.011031934249325444
Jag2_Mag,9.004329004328566e-05
Jag2_Ddr2,0.0011612648221343805
Sftpd_Itgb1,0.04676683018068849
Sftpd_Cd93,0.005726341050254075
Gnas_Itgav,0.705107171089776
Gnas_Itgb1,0.5343096955580613
Gnas_Cd44,0.03246915898111545
Gnas_Cd93,0.0654232825145867
Gnas_Itgb5,0.2929107676140255
Gnas_Mag,0.00215887445887436
Gnas_Ddr2,0.027842440711462368
Sema3f_Itgb1,0.14565751576322122
Adam9_Cd93,0.003292810088462245
Hmgb1_Lrp1,0.08081534796724942
Hmgb1_Ryr2,0.00011539031620551971
Col4a4_Itga2,7.214654307044225e-05
Col4a4_Itga1,0.03561511465587521
Col4a4_Mag,0.0002906926406926269
Col4a4_Ddr2,0.00374898715415018
Col3a1_Itgav,0.800403387916427
Col3a1_Cd44,0.03685741106719361
Col3a1_Cd93,0.07426533032185187
Col3a1_Itga2b,0.0206440570299265
Col3a1_Itga2,0.0006082227555052482
Col3a1_Itga1,0.300248941276113
Sema3g_Itgb1,0.006428430265386708
Lama3_Egfr,0.002959396762657623
Lama3_Itgav,0.027782947487295144
Lama3_Itgb1,0.021053109119141558
Lama3_Cd44,0.0012793642951251618
Lama3_Cd93,0.002577837380011285
Lama3_Notch1,0.0012319005270092244
Lama3_Itga7,0.0006865295031055866
Lama3_Itga5,0.001309722614342176
Lama3_Col13a1,0.00013144998117823865
Lama3_Itga2b,0.0007165796160361341
Lama3_Itga2,2.1112130622996147e-05
Lama3_Itga1,0.010421995576886799
Lama3_Mag,8.50649350649311e-05
Lama3_Robo2,0.0009102872670807443
Lama3_Plxna1,0.0013109554394880477
Lama3_Dchs1,0.0005339673913043432
Lama3_Ddr2,0.0010970602766798376
Lama3_Itgb2,0.0004889692734801407
Lama3_Itga3,0.005446775597590781
Lama3_Bcam,0.023918502964426772
Lama3_Cd79a,7.643515904385083e-05
Lama3_Itgb3,0.00035628646715603037
Lama3_Robo1,0.00016658549783549344
Lama3_Itgb6,0.008024612977602045
Lama3_Gp9,0.0
Lama3_Stab2,0.00019447816676077307
Lama3_Gp5,0.0
Lama3_Gp1ba,0.0
Lama3_Gp1bb,8.629776021080276e-06
Lama2_Egfr,0.004028695338477925
Lama2_Lrp1,0.009256307249513663
Lama2_Itgav,0.03782156973461289
Lama2_Cd44,0.0017416282389108395
Lama2_Cd93,0.0035092697157914354
Lama2_Lrp2,0.04677536820063979
Lama2_Notch1,0.0016770147123407978
Lama2_Cd36,0.004090791454921863
Lama2_Tlr4,0.0002580345379258393
Lama2_Itga5,0.0017829557218144085
Lama2_Col13a1,0.00017894590313068072
Lama2_Itga2b,0.0009754964238659818
Lama2_Itga1,0.01418770390237767
Lama2_Mag,0.00011580086580086013
Lama2_Flrt2,0.0003920866271409713
Lama2_Selp,4.741122404165779e-05
Lama2_Itga3,0.00741482174226733
Lama2_Cd79a,0.00010405295187903333
Lama2_Itgb3,0.0004850210176297094
Lama2_Itgb6,0.010924091458058737
Lama2_Stab2,0.0002647476315954538
Psen1_Ryr2,0.000116403162055322
Sema6d_Egfr,0.0008358601543384098
Sema6d_Lrp6,0.0007147727272727239
Sema6d_Lrp1,0.0019204674854131133
Sema6d_Lrp2,0.009704796019198152
Sema6d_Selp,9.836721249764505e-06
Sema6d_Itgb2,0.00013810582533408509
Sema3b_Itgav,0.0202893280632409
Sema3b_Itgb1,0.015374662384716548
Sema3b_Cd93,0.0018825428194993278
Sema3b_Acvr2a,0.000507323232323228
Sema3b_Itgb2,0.00035708443126921074
Rtn4_Selp,0.0007835701737875505
Sema6c_Itgav,0.004524449463579851
Sema6c_Itgb1,0.0034284961415395774
Sema6c_Cd44,0.0002083443126921374
Sema6c_Cd93,0.0004198004893657036
Sema6c_Acvr2a,0.00011313131313131214
Sema6c_Gpc1,0.0003549783549783537
Sema6c_Ret,4.592508940334586e-06
Sema6c_Itgb5,0.0018795156534286684
Sema6c_Mag,1.3852813852813147e-05
Sema6c_Musk,0.0
Sema6c_Gpc4,0.0015217014869188614
Ntn1_Itgb1,0.02078525785808376
Ntn1_Itgb2,0.0004827482903569833
Vcan_Lrp1,0.0045329953259300665
Vcan_Itgav,0.018521964991530096
Vcan_Itgb1,0.014035406079427706
Vcan_Lrp2,0.02290681582909842
Vcan_Cd36,0.002003340862036506
Vcan_Tlr4,0.00012636457745153284
Vcan_Itga5,0.0008731484095614507
Vcan_Ldlr,0.0009154754062362767
Vcan_Scarb1,0.0011202271158792909
Vcan_Apobr,9.122906079427804e-05
Vcan_Mttp,0.0004648778154212927
Vcan_Lsr,0.003297910000627364
Vcan_Itgb3,0.00023752431143735358
Vcan_Itgb6,0.00534974198506803
Nrg2_Itgav,0.0
Nrg2_Itgb1,0.0
Nrg2_Cd93,0.0
Nrg2_Acvr2b,0.0
Nrg2_Bmpr1b,0.0
Nrg2_Acvr2a,0.0
Nrg2_Bmpr1a,0.0
Nrg2_Ret,0.0
Nrg2_Itgb2,0.0
Afdn_Egfr,0.013622261434217922
Afdn_Lrp6,0.011648863636363627
Afdn_Itgb7,0.0013059041501976203
Afdn_Lrp1,0.031298429559570594
Afdn_Tlr2,0.0033048383681535836
Afdn_Itgav,0.12788639186899986
Afdn_Itgam,0.0013222190852625586
Afdn_Erbb2,0.02288205110107265
Afdn_Itgal,0.001830110107284019
Afdn_Itgb1,0.0969085862507051
Afdn_Cd44,0.005888982213438725
Afdn_Lrp2,0.15816194593450025
Afdn_Notch1,0.005670503952569182
Afdn_Nrp1,0.006235851919819327
Afdn_Dcc,0.0
Afdn_Lrp8,0.0007001235177865493
Afdn_Notch2,0.007820528656126527
Afdn_Vldlr,0.011812012987012973
Afdn_Sell,0.0006220955674759897
Afdn_Itga8,0.0035985071993223966
Afdn_Tlr4,0.0008724943534726071
Afdn_Plxna4,0.0005391022021456722
Afdn_Itga5,0.006028723178994906
Afdn_Itga4,0.0004327004517221907
Afdn_Itga2b,0.0032984542631281613
Afdn_Itga9,0.010918238283455669
Afdn_Erbb3,0.008760410784867355
Afdn_Plxna1,0.0060343979390175065
Afdn_Selp,0.00016031197063805458
Afdn_Cntn1,0.0005774068322981294
Afdn_Itgb2,0.0022507516939582065
Afdn_Itga3,0.025071799124788113
Afdn_Sdc4,0.16305146103896076
Afdn_Itgb3,0.0016400056465273776
Afdn_Itgb6,0.036937722332015546
Afdn_Robo4,0.004927819734613201
Reln_Egfr,0.0026657161678900663
Reln_Itgb7,0.00025555006587615046
Reln_Lrp1,0.006124734142668854
Reln_Itgav,0.0250258610954261
Reln_Cd44,0.0011524044795783873
Reln_Cd93,0.0023220214568040526
Reln_Lrp2,0.030950430547713056
Reln_Itga7,0.0006184006211180078
Reln_Cd36,0.0027068040654997
Reln_Tlr4,0.0001707368718238264
Reln_Itga2,1.901703369094305e-05
Reln_Mag,7.662337662337287e-05
Reln_Robo2,0.0008199534161490654
Reln_Ldlr,0.0012369400527009206
Reln_Scarb1,0.001513589309241481
Reln_Flrt2,0.00025943675889327823
Reln_Selp,3.137116506681656e-05
Reln_Itgb2,0.000440445605119515
Reln_Lsr,0.004455954733672077
Reln_Cd79a,6.884999058911738e-05
Reln_Itgb6,0.007228277338603351
Slit2_Egfr,0.002853972959407732
Slit2_Lrp6,0.002440530303030299
Slit2_Lrp1,0.006557271864608758
Slit2_Itgav,0.026793224167137038
Slit2_Itgb1,0.020303125588179764
Slit2_Cd44,0.0012337889767237561
Slit2_Lrp2,0.033136195416901895
Slit2_Notch1,0.0011880160298638573
Slit2_Notch3,0.0015018876654746263
Slit2_Nrp1,0.0013064609605370496
Slit2_Notch2,0.0016384634387351855
Slit2_Vldlr,0.0024747113997113943
Slit2_Tlr4,0.0001827945605119501
Slit2_Itga5,0.001263065829098434
Slit2_Itga2b,0.0006910526068134726
Slit2_Ldlr,0.001324294576196751
Slit2_Selp,3.35866428257726e-05
Slit2_Itgb2,0.0004715505207353009
Slit2_Itga3,0.00525274287910154
Slit2_Itgb3,0.00034359432837693504
Slit2_Itgb6,0.0077387489020640556
Col9a3_Itgav,0.0
Col9a3_Itgb1,0.0
Col9a3_Cd44,0.0
Col9a3_Cd93,0.0
Col9a3_Itga2b,0.0
Col9a3_Itga2,0.0
Col9a3_Itga1,0.0
Col9a3_Ddr2,0.0
L1cam_Egfr,0.012741219649915259
L1cam_Lrp6,0.010895454545454528
L1cam_Lrp1,0.029274153020891872
L1cam_Tlr2,0.0030910926030491203
L1cam_Lrp2,0.1479325663466966
L1cam_Tlr4,0.000816064370412189
L1cam_Selp,0.00014994353472614047
L1cam_Itgb2,0.0021051806888763304
Omg_Prlr,0.0
Gas6_Egfr,0.03922518508061976
Gas6_Lrp6,0.033542803030303
Gas6_Itgb2,0.006481020217704972
Has2_Lrp1,0.0
Has2_Ryr2,0.0
Prg4_Selp,0.0
Gpc3_Lrp6,0.0013200757575757523
Gpc3_Lrp1,0.0035468093199071036
Gpc3_Itgb2,0.0002550603080494366
Dll4_Itgav,0.006150423489553868
Dll4_Itgb1,0.004660611942405369
Dll4_Cd93,0.0005706662902315041
Dll3_Itgb1,0.0
Dll3_Cd93,0.0
Tnc_Lrp1,0.016817066629022978
Tnc_Cd44,0.003164229249011847
Tnc_Cd93,0.006375719932241644
Tnc_Notch1,0.003046837944664033
Tnc_Cd36,0.007432241671372067
Tnc_Itga5,0.0032393139469226308
Tnc_Selp,8.613777526820829e-05
Hsp90aa1_Lrp6,0.06726590909090904
Hsp90aa1_Tlr2,0.019083660361377743
Hsp90aa1_Tlr4,0.005038184641445469
Hsp90aa1_Tek,0.0640095214568042
Hsp90aa1_Ldlr,0.03650021409749677
Hsp90aa1_Scarb1,0.04466371165066824
Hsp90aa1_Selp,0.0009257152268021659
Hsp90aa1_Itgb2,0.012996877940899626
Hsp90aa1_Ryr2,0.0002580533596837635
Lrig1_Lrp6,0.0023117424242424175
Lrig1_Lrp1,0.006211241687056838
Lrig1_Lrp2,0.031387583521550834
Lrig1_Selp,3.181426061860778e-05
Lrig1_Itgb2,0.00044666658824267237
Vwf_Egfr,0.008531797791580373
Vwf_Itgb7,0.000817904589371975
Vwf_Itgb1,0.06069509575569309
Vwf_Cd44,0.0036883454106280108
Vwf_Cd93,0.007431780538302254
Vwf_Lrp2,0.09905886387163552
Vwf_Itga6,0.02022281314699779
Vwf_Notch1,0.0035515096618357537
Vwf_Notch3,0.004489811939268475
Vwf_Itga7,0.001979231366459617
Vwf_Cd36,0.008663302277432677
Vwf_Lrp8,0.0004384963768115864
Vwf_Notch2,0.0048980978260869815
Vwf_Vldlr,0.007398015873015859
Vwf_Itgb4,0.002063198757763967
Vwf_Itga5,0.003775866977225663
Vwf_Col13a1,0.0003789639406487135
Vwf_Itga9,0.006838233264320213
Vwf_Itga1,0.03004610938578306
Vwf_Mag,0.0002452380952380838
Vwf_Robo2,0.002624314182194614
Vwf_Plxna1,0.0037794211525189773
Vwf_Flrt2,0.000830344202898545
Vwf_Selp,0.00010040545203588486
Vwf_Dchs1,0.00153940217391303
Vwf_Ddr2,0.0031627717391304227
Vwf_Itgb2,0.0014096747757073775
Vwf_Itga3,0.01570279071773627
Vwf_Bcam,0.06895588768115911
Vwf_Cd79a,0.000220358868184944
Vwf_Robo1,0.0004802579365079239
Vwf_Itgb6,0.023134571256038464
F7_Lrp6,0.0
F7_Itgb2,0.0
Trf_Egfr,0.015527420164376641
Trf_Lrp6,0.013278030303030288
Trf_Lrp1,0.035675711305602285
Trf_Itgb1,0.11046186006022876
Trf_Selp,0.000182732605558689
Trf_Itgb2,0.00256553343998995
Sema3d_Lrp6,0.0
Sema3d_Lrp1,0.0
Sema3d_Itgb2,0.0
Cp_Lrp1,0.05112595873329526
Cp_Selp,0.00026186947110859666
Psap_Egfr,0.11327034632034606
Psap_Lrp6,0.09686136363636359
Psap_Itgb2,0.018715205627705556
Cfh_Lrp1,0.2064416039274718
Cfh_Itgav,0.8435270468661731
Cfh_Itgb1,0.6392002493882885
Cfh_Cd44,0.038843192797540574
Cfh_Cd93,0.0782665537361188
Cfh_Itga5,0.03976491153773756
Cfh_Selp,0.0010574032247945098
Rbp3_Egfr,0.0
Rbp3_Lrp1,0.0
Rbp3_Itgav,0.0
Rbp3_Itgal,0.0
Rbp3_Lrp2,0.0
Rbp3_Selp,0.0
Rbp3_Itgb2,0.0
Dspp_Egfr,0.0
Dspp_Lrp6,0.0
Dspp_Itgb7,0.0
Dspp_Lrp1,0.0
Dspp_Tlr2,0.0
Dspp_Itgb1,0.0
Dspp_Cd44,0.0
Dspp_Cd93,0.0
Dspp_Lrp2,0.0
Dspp_Notch1,0.0
Dspp_Cd36,0.0
Dspp_Lrp8,0.0
Dspp_Vldlr,0.0
Dspp_Sell,0.0
Dspp_Tlr4,0.0
Dspp_Itga5,0.0
Dspp_Itga2b,0.0
Dspp_Rtn4r,0.0
Dspp_Ldlr,0.0
Dspp_Scarb1,0.0
Dspp_Flrt2,0.0
Dspp_Selp,0.0
Dspp_Itgb2,0.0
Dspp_Itga3,0.0
Dspp_Cd79a,0.0
Dspp_Itgb3,0.0
Fbn1_Itgb1,0.19799565217391152
Fbn1_Cd44,0.01203188405797099
Fbn1_Cd93,0.0242434782608695
Fbn1_Itga2b,0.0067391304347825766
Fbn1_Itga2,0.00019855072463764324
Fbn1_Itga1,0.09801449275362245
Fbn1_Mag,0.000799999999999963
Agrn_Itgav,0.5233515527950284
Agrn_Itgb1,0.39658057712215045
Agrn_Cd44,0.02409957729468596
Agrn_Cd93,0.04855910973084876
Agrn_Gpc1,0.04106101190476198
Agrn_Notch1,0.023205495169082182
Agrn_Notch3,0.029336344030365894
Agrn_Notch4,0.019097942546583833
Agrn_Itgb5,0.2174070997239454
Agrn_Col13a1,0.002476143029675577
Agrn_Itga2b,0.013498317805382968
Agrn_Itga2,0.000397692374050994
Agrn_Itga1,0.196320695307107
Agrn_Mag,0.0016023809523808793
Agrn_Ddr2,0.020665489130434724
Shank3_Itgav,0.0
Shank3_Itgb1,0.0
Shank3_Cd44,0.0
Shank3_Cd93,0.0
Shank3_Acvr2a,0.0
Shank3_Gpc1,0.0
Shank3_Notch1,0.0
Shank3_Notch3,0.0
Shank3_Lrp4,0.0
Shank3_Notch2,0.0
Shank3_Notch4,0.0
Shank3_Itgb5,0.0
Shank3_Col13a1,0.0
Shank3_Itga2b,0.0
Shank3_Itga9,0.0
Shank3_Itga2,0.0
Shank3_Itga1,0.0
Shank3_Mag,0.0
Shank3_Plxna1,0.0
Shank3_Musk,0.0
Shank3_Ddr2,0.0
Shank3_Itgb2,0.0
Shank3_Gpc4,0.0
Shank3_Atp1a3,0.0
Adam3_Egfr,0.0
Adam3_Lrp6,0.0
Adam3_Lrp1,0.0
Adam3_Itgb1,0.0
Adam3_Tlr4,0.0
Adam3_Selp,0.0
Adam3_Itgb2,0.0
Col18a1_Itgav,0.9934701298701245
Col18a1_Itgb1,0.7528227543289988
Col18a1_Cd44,0.04574785353535346
Col18a1_Cd93,0.09217900432900411
Col18a1_Notch1,0.04405063131313141
Col18a1_Col13a1,0.004700423881673764
Col18a1_Itga2b,0.025623647186147073
Col18a1_Itga2,0.0007549332611831172
Col18a1_Itga1,0.37267252886002616
Col18a1_Mag,0.0030417748917747523
Col18a1_Ddr2,0.03922897727272715
Mst1_Itgb1,0.0
Sema4c_Lrp6,0.000978787878787873
Sema4c_Itgb2,0.00018911788694397216
Col4a3_Cd93,0.006257651044607542
Col4a3_Itga1,0.025299195369847326
Col4a3_Mag,0.00020649350649349672
Col4a3_Ddr2,0.002663092885375482
Col8a1_Itgb1,0.009321223884810739
Col8a1_Cd93,0.0011413325804630083
Col8a1_Mag,3.7662337662335795e-05
Col8a1_Ddr2,0.00048572134387351446
Rtn3_Lrp1,0.15875864546081803
Rtn3_Selp,0.0008131689566472024
Hspg2_Itgav,0.4311658949745883
Hspg2_Cd44,0.01985456192358363
Hspg2_Cd93,0.04000567476002249
Hspg2_Itga7,0.010654309006211133
Hspg2_Itgb4,0.011106309994353438
Hspg2_Itga2b,0.011120659232072226
Hspg2_Itga2,0.00032764092791260453
Hspg2_Itga1,0.16173982448710592
Hspg2_Mag,0.0013201298701298095
Hspg2_Bcam,0.3711932559288524
Cubn_Lrp1,0.001937768994290707
Cubn_Itgav,0.007917786561264739
Cubn_Itgb1,0.00599986824769426
Cubn_Cd44,0.0003646025472112404
Cubn_Cd93,0.0007346508563899813
Cubn_Cd36,0.0008563899868247621
Cubn_Itga5,0.0003732542819499315
Cubn_Itga2b,0.00020421607378128922
Cubn_Itga2,6.0166886253830995e-06
Cubn_Mag,2.4242424242423007e-05
Cubn_Ldlr,0.00039134826526130746
Cubn_Flrt2,8.20816864295116e-05
Cubn_Selp,9.925340360122733e-06
Cubn_Itga3,0.0015522617479139054
Cubn_Cd79a,2.1783047870003197e-05
Cubn_Itgb3,0.0001015371102327614
Cubn_Itgb6,0.0022869126043038807
Colq_Itgb1,0.0
Colq_Cd93,0.0
Thbs2_Egfr,0.0009111628709454719
Thbs2_Lrp6,0.0007791666666666614
Thbs2_Lrp1,0.0020934825741890655
Thbs2_Itgav,0.008554037267080648
Thbs2_Itgb1,0.006482000517598257
Thbs2_Cd44,0.0003939009661835719
Thbs2_Cd93,0.0007936853002070325
Thbs2_Lrp2,0.01057910196687364
Thbs2_Notch1,0.00037928743961352507
Thbs2_Cd47,0.0026057625948929927
Thbs2_Notch2,0.0005230978260869564
Thbs2_Tlr4,5.835921325051676e-05
Thbs2_Itga5,0.000403247929606622
Thbs2_Itga2b,0.0002206262939958569
Thbs2_Selp,1.072291235334687e-05
Thbs2_Itga3,0.0016769970669426996
Thbs2_Itgb3,0.00010969634230503676
Col4a6_Itgav,0.039588932806323765
Col4a6_Cd44,0.001823012736056205
Col4a6_Itga2b,0.0010210803689064479
Col4a6_Itga2,3.008344312691555e-05
Col4a6_Itga1,0.01485068072024578
Col4a6_Mag,0.00012121212121211523
Col4a6_Ddr2,0.0015632411067193575
Col4a5_Cd93,0.004361989459815531
Col4a5_Itga2,3.57240887132123e-05
Col4a5_Itga1,0.017635183355291906
Col4a5_Mag,0.00014393939393938718
Col4a5_Ddr2,0.0018563488142292414
Sema6b_Itgav,0.009331677018633475
Sema6b_Itgb1,0.007071273291925403
Sema6b_Cd93,0.0008658385093167668
Sema6b_Acvr2a,0.0002333333333333321
Sema6b_Ret,9.472049689440117e-06
Sema6b_Itgb5,0.0038765010351966417
Adamts3_Egfr,0.0
Adamts3_Lrp6,0.0
Adamts3_Lrp1,0.0
Adamts3_Itgav,0.0
Adamts3_Itgb1,0.0
Adamts3_Cd44,0.0
Adamts3_Cd93,0.0
Adamts3_Notch1,0.0
Adamts3_Nrp1,0.0
Adamts3_Notch2,0.0
Adamts3_Itga2b,0.0
Adamts3_Selp,0.0
Adamts3_Itgb2,0.0
Adamts3_Sdc4,0.0
Adamts3_Itgb3,0.0
