Recall,Precision
1.0,0.5
1.0,0.5001898974553741
1.0,0.5003799392097265
1.0,0.500570125427594
1.0,0.5007604562737643
1.0,0.500950931913275
1.0,0.5011415525114156
1.0,0.5013323182337267
1.0,0.5015232292460016
1.0,0.5017142857142857
1.0,0.5019054878048781
0.9992406985573272,0.5017155928326343
0.9992406985573272,0.501906941266209
0.9992406985573272,0.5020984357115604
0.9992406985573272,0.5022900763358779
0.9984813971146546,0.5021000381825124
0.9977220956719818,0.5019098548510313
0.9977220956719818,0.5021016431027895
0.9977220956719818,0.5022935779816514
0.9977220956719818,0.5024856596558317
0.996962794229309,0.5022953328232593
0.9962034927866363,0.5021048603138155
0.9962034927866363,0.5022970903522205
0.9962034927866363,0.5024894676369207
0.9954441913439636,0.5022988505747127
0.9946848899012908,0.5021080873898045
0.9946848899012908,0.5023006134969326
0.9939255884586181,0.5021097046413502
0.9931662870159453,0.5019186492709132
0.9924069855732726,0.5017274472168906
0.9924069855732726,0.5019201228878648
0.9924069855732726,0.5021129466000769
0.9924069855732726,0.5023059185242121
0.9916476841305999,0.5021145713187236
0.9916476841305999,0.5023076923076923
0.9916476841305999,0.5025009619084263
0.9916476841305999,0.5026943802925328
0.9916476841305999,0.5028879476318829
0.9916476841305999,0.5030816640986132
0.9916476841305999,0.5032755298651252
0.9916476841305999,0.5034695451040864
0.9916476841305999,0.5036637099884304
0.9916476841305999,0.503858024691358
0.9916476841305999,0.5040524893863373
0.9916476841305999,0.5042471042471043
0.9916476841305999,0.5044418694476632
0.9916476841305999,0.5046367851622875
0.9916476841305999,0.5048318515655199
0.9916476841305999,0.5050270688321732
0.9916476841305999,0.5052224371373307
0.9916476841305999,0.5054179566563467
0.9916476841305999,0.5056136275648471
0.9916476841305999,0.5058094500387297
0.9916476841305999,0.5060054242541651
0.9916476841305999,0.506201550387597
0.9916476841305999,0.5063978286157426
0.9916476841305999,0.5065942591155935
0.9916476841305999,0.5067908420644159
0.9916476841305999,0.5069875776397516
0.9916476841305999,0.5071844660194175
0.9916476841305999,0.5073815073815073
0.9916476841305999,0.5075787019043918
0.9916476841305999,0.5077760497667185
0.9916476841305999,0.5079735511474135
0.9916476841305999,0.5081712062256809
0.9916476841305999,0.5083690151810043
0.9916476841305999,0.5085669781931464
0.9916476841305999,0.5087650954421503
0.9916476841305999,0.5089633671083398
0.9916476841305999,0.5091617933723197
0.9916476841305999,0.5093603744149766
0.9916476841305999,0.5095591104174795
0.9916476841305999,0.5097580015612803
0.9916476841305999,0.509957048028114
0.9916476841305999,0.51015625
0.9916476841305999,0.5103556076592419
0.9916476841305999,0.5105551211884285
0.9916476841305999,0.5107547907704341
0.9908883826879271,0.5105633802816901
0.9908883826879271,0.5107632093933464
0.9908883826879271,0.5109631949882537
0.9908883826879271,0.5111633372502937
0.9908883826879271,0.5113636363636364
0.9908883826879271,0.5115640925127402
0.9908883826879271,0.5117647058823529
0.9908883826879271,0.5119654766575128
0.9908883826879271,0.5121664050235479
0.9908883826879271,0.5123674911660777
0.9901290812452543,0.5121759622937941
0.9893697798025817,0.5119842829076621
0.9893697798025817,0.512185534591195
0.9893697798025817,0.5123869445536767
0.9893697798025817,0.512588512981904
0.9893697798025817,0.5127902400629674
0.9893697798025817,0.5129921259842519
0.9893697798025817,0.5131941709334383
0.9886104783599089,0.5130023640661938
0.9886104783599089,0.5132045723295231
0.9886104783599089,0.5134069400630915
0.9886104783599089,0.5136094674556213
0.9878511769172361,0.5134175217048145
0.9878511769172361,0.5136202131859455
0.9878511769172361,0.5138230647709321
0.9878511769172361,0.5140260766495456
0.9878511769172361,0.5142292490118577
0.9878511769172361,0.5144325820482404
0.9870918754745635,0.5142405063291139
0.9863325740318907,0.5140482785912148
0.9863325740318907,0.5142517814726841
0.9855732725892179,0.5140594059405941
0.9855732725892179,0.5142630744849446
0.9848139711465452,0.5140705509314308
0.9848139711465452,0.514274385408406
0.9848139711465452,0.5144783815946053
0.9848139711465452,0.5146825396825396
0.9848139711465452,0.5148868598650258
0.9848139711465452,0.5150913423351866
0.9848139711465452,0.5152959872864521
0.9848139711465452,0.5155007949125596
0.9840546697038725,0.5153081510934394
0.9840546697038725,0.5155131264916468
0.9840546697038725,0.5157182650218862
0.9840546697038725,0.5159235668789809
0.9840546697038725,0.5161290322580645
0.9840546697038725,0.5163346613545817
0.9832953682611997,0.516141889198884
0.9832953682611997,0.516347687400319
0.9832953682611997,0.5165536497806142
0.9832953682611997,0.5167597765363129
0.9832953682611997,0.5169660678642715
0.9832953682611997,0.5171725239616614
0.9832953682611997,0.5173791450259688
0.9832953682611997,0.517585931254996
0.9832953682611997,0.5177928828468612
0.9832953682611997,0.518
0.9832953682611997,0.5182072829131653
0.9832953682611997,0.5184147317854283
0.9832953682611997,0.5186223468161795
0.9832953682611997,0.5188301282051282
0.9832953682611997,0.5190380761523046
0.9832953682611997,0.5192461908580593
0.9832953682611997,0.5194544725230645
0.9832953682611997,0.5196629213483146
0.9832953682611997,0.5198715375351265
0.9832953682611997,0.5200803212851406
0.9832953682611997,0.5202892728003214
0.9832953682611997,0.5204983922829582
0.9832953682611997,0.5207076799356655
0.982536066818527,0.5205148833467418
0.982536066818527,0.5207243460764588
0.982536066818527,0.5209339774557166
0.982536066818527,0.5211437776882804
0.982536066818527,0.5213537469782433
0.982536066818527,0.5215638855300282
0.982536066818527,0.521774193548387
0.9817767653758542,0.5215812827753126
0.9817767653758542,0.5217917675544794
0.9817767653758542,0.5220024222850222
0.9817767653758542,0.5222132471728594
0.9817767653758542,0.5224242424242425
0.9817767653758542,0.5226354082457558
0.9817767653758542,0.5228467448443186
0.9817767653758542,0.5230582524271845
0.9810174639331815,0.5228652367462566
0.9810174639331815,0.5230769230769231
0.9802581624905087,0.5228837586067233
0.9802581624905087,0.523095623987034
0.9802581624905087,0.5233076611268748
0.979498861047836,0.5231143552311436
0.979498861047836,0.5233265720081136
0.979498861047836,0.523538961038961
0.979498861047836,0.5237515225334958
0.979498861047836,0.5239642567018684
0.979498861047836,0.5241771637545714
0.9787395596051632,0.5239837398373983
0.9787395596051632,0.5241968279788531
0.9787395596051632,0.5244100895036615
0.9787395596051632,0.5246235246235246
0.9787395596051632,0.5248371335504886
0.9787395596051632,0.525050916496945
0.9787395596051632,0.5252648736756316
0.9787395596051632,0.5254790052996331
0.9787395596051632,0.5256933115823818
0.9779802581624905,0.525499796001632
0.9779802581624905,0.5257142857142857
0.9779802581624905,0.5259289505920784
0.9772209567198178,0.5257352941176471
0.9772209567198178,0.5259501430322844
0.9772209567198178,0.5261651676206051
0.9772209567198178,0.5263803680981595
0.9772209567198178,0.526595744680851
0.9772209567198178,0.5268112975849365
0.9772209567198178,0.527027027027027
0.976461655277145,0.5268332650553053
0.976461655277145,0.5270491803278688
0.976461655277145,0.5272652726527265
0.976461655277145,0.527481542247744
0.976461655277145,0.5276979893311449
0.976461655277145,0.5279146141215106
0.976461655277145,0.5281314168377823
0.976461655277145,0.5283483976992605
0.976461655277145,0.5285655569256063
0.9757023538344722,0.5283717105263158
0.9757023538344722,0.5285890580008227
0.9757023538344722,0.5288065843621399
0.9757023538344722,0.5290242898312063
0.9757023538344722,0.5292421746293245
0.9757023538344722,0.5294602389781623
0.9757023538344722,0.5296784830997526
0.9757023538344722,0.5298969072164949
0.9757023538344722,0.5301155115511551
0.9757023538344722,0.5303342963268676
0.9749430523917996,0.5301403798513625
0.9749430523917996,0.530359355638166
0.9749430523917996,0.5305785123966942
0.9749430523917996,0.5307978503513848
0.9749430523917996,0.5310173697270472
0.9741837509491268,0.5308233347124535
0.9741837509491268,0.5310430463576159
0.9741837509491268,0.5312629399585921
0.9741837509491268,0.5314830157415079
0.9741837509491268,0.5317032739328637
0.9741837509491268,0.5319237147595357
0.973424449506454,0.5317295727913729
0.973424449506454,0.5319502074688797
0.973424449506454,0.5321710253217102
0.973424449506454,0.532392026578073
0.9726651480637813,0.5321977565434151
0.9726651480637813,0.5324189526184538
0.9719058466211086,0.5322245322245323
0.9719058466211086,0.5324459234608985
0.9719058466211086,0.5326674989596338
0.9719058466211086,0.5328892589508742
0.9711465451784358,0.5326947105372761
0.9711465451784358,0.5329166666666667
0.9711465451784358,0.5331388078365986
0.9711465451784358,0.5333611342785655
0.9711465451784358,0.5335836462244472
0.9711465451784358,0.5338063439065108
0.9711465451784358,0.5340292275574112
0.9703872437357631,0.5338345864661654
0.9703872437357631,0.5340576681989135
0.9703872437357631,0.5342809364548495
0.9703872437357631,0.534504391468005
0.9703872437357631,0.5347280334728034
0.9703872437357631,0.5349518627040603
0.9703872437357631,0.535175879396985
0.9703872437357631,0.5354000837871805
0.9703872437357631,0.5356244761106455
0.9703872437357631,0.5358490566037736
0.9703872437357631,0.5360738255033557
0.9703872437357631,0.53629878304658
0.9703872437357631,0.5365239294710328
0.9696279422930904,0.5363292734145317
0.9696279422930904,0.5365546218487395
0.9696279422930904,0.5367801597309794
0.9696279422930904,0.5370058873002523
0.9696279422930904,0.5372318047959613
0.9696279422930904,0.5374579124579124
0.9696279422930904,0.5376842105263158
0.9688686408504176,0.5374894692502106
0.9688686408504176,0.53771597134429
0.9681093394077449,0.5375210792580101
0.9681093394077449,0.5377477857444116
0.9681093394077449,0.5379746835443038
0.9681093394077449,0.5382017728999577
0.9673500379650721,0.5380067567567568
0.9673500379650721,0.5382340515420363
0.9673500379650721,0.5384615384615384
0.9673500379650721,0.5386892177589852
0.9673500379650721,0.538917089678511
0.9673500379650721,0.5391451544646636
0.9673500379650721,0.5393734123624048
0.9673500379650721,0.5396018636171114
0.9673500379650721,0.5398305084745763
0.9673500379650721,0.5400593471810089
0.9665907365223994,0.5398642917726887
0.9665907365223994,0.5400933389902418
0.9665907365223994,0.5403225806451613
0.9665907365223994,0.540552016985138
0.9665907365223994,0.5407816482582838
0.9665907365223994,0.5410114747131322
0.9658314350797267,0.5408163265306123
0.9658314350797267,0.541046363249681
0.9658314350797267,0.5412765957446809
0.9658314350797267,0.541507024265645
0.9658314350797267,0.5417376490630323
0.9650721336370539,0.5415423945462292
0.9650721336370539,0.5417732310315431
0.9650721336370539,0.5420042643923241
0.9643128321943811,0.5418088737201365
0.9643128321943811,0.5420401195049083
0.9635535307517085,0.5418445772843723
0.9635535307517085,0.5420760358821016
0.9635535307517085,0.5423076923076923
0.9635535307517085,0.5425395468148781
0.9627942293090357,0.542343883661249
0.9620349278663629,0.542148053059478
0.9620349278663629,0.5423801369863014
0.9612756264236902,0.5421841541755889
0.9612756264236902,0.5424164524421594
0.9612756264236902,0.5426489498499786
0.9605163249810175,0.5424528301886793
0.9605163249810175,0.5426855426855427
0.9605163249810175,0.5429184549356223
0.9605163249810175,0.5431515671962216
0.9605163249810175,0.5433848797250859
0.9605163249810175,0.5436183927804039
0.9605163249810175,0.5438521066208083
0.9605163249810175,0.5440860215053763
0.9605163249810175,0.5443201376936316
0.9605163249810175,0.5445544554455446
0.9605163249810175,0.5447889750215331
0.9605163249810175,0.5450236966824644
0.9605163249810175,0.5452586206896551
0.9605163249810175,0.5454937473048728
0.9605163249810175,0.5457290767903364
0.9605163249810175,0.5459646094087182
0.9605163249810175,0.5462003454231433
0.9605163249810175,0.5464362850971922
0.9605163249810175,0.5466724286949006
0.9605163249810175,0.546908776480761
0.9605163249810175,0.5471453287197232
0.9605163249810175,0.547382085677196
0.9605163249810175,0.5476190476190477
0.9605163249810175,0.5478562148116067
0.9605163249810175,0.5480935875216638
0.9605163249810175,0.5483311660164716
0.9605163249810175,0.5485689505637468
0.9605163249810175,0.5488069414316703
0.9605163249810175,0.5490451388888888
0.9605163249810175,0.5492835432045159
0.9605163249810175,0.549522154648132
0.9605163249810175,0.549760973489787
0.9605163249810175,0.55
0.9605163249810175,0.5502392344497608
0.9597570235383447,0.5500435161009574
0.958997722095672,0.5498476273400087
0.958997722095672,0.5500871080139372
0.958997722095672,0.550326797385621
0.958997722095672,0.550566695727986
0.958997722095672,0.5508068033144352
0.958997722095672,0.5510471204188482
0.958997722095672,0.5512876473155827
0.958997722095672,0.551528384279476
0.958997722095672,0.5517693315858454
0.958997722095672,0.5520104895104895
0.958997722095672,0.5522518583296896
0.9582384206529992,0.5520559930008749
0.9574791192103265,0.5518599562363239
0.9574791192103265,0.5521015761821366
0.9574791192103265,0.5523434077967586
0.9574791192103265,0.5525854513584575
0.9574791192103265,0.5528277071459886
0.9574791192103265,0.5530701754385965
0.9574791192103265,0.5533128565160158
0.9574791192103265,0.5535557506584723
0.9574791192103265,0.5537988581466843
0.9574791192103265,0.5540421792618629
0.9574791192103265,0.5542857142857143
0.9567198177676538,0.554089709762533
0.9567198177676538,0.5543334799824021
0.9567198177676538,0.5545774647887324
0.9567198177676538,0.5548216644649934
0.9567198177676538,0.5550660792951542
0.9567198177676538,0.5553107095636844
0.9567198177676538,0.5555555555555556
0.9567198177676538,0.5558006175562418
0.9567198177676538,0.556045895851721
0.9567198177676538,0.5562913907284768
0.9567198177676538,0.5565371024734982
0.9567198177676538,0.556783031374282
0.9567198177676538,0.5570291777188329
0.9567198177676538,0.5572755417956656
0.9567198177676538,0.5575221238938053
0.9567198177676538,0.5577689243027888
0.955960516324981,0.5575730735163862
0.9552012148823082,0.5573770491803278
0.9552012148823082,0.5576241134751773
0.9552012148823082,0.5578713968957871
0.9552012148823082,0.5581188997338066
0.9552012148823082,0.5583666222814025
0.9552012148823082,0.5586145648312612
0.9552012148823082,0.5588627276765882
0.9544419134396356,0.5586666666666666
0.9544419134396356,0.5589150733659404
0.9544419134396356,0.5591637010676157
0.9544419134396356,0.5594125500667557
0.9544419134396356,0.5596616206589492
0.9544419134396356,0.5599109131403118
0.9536826119969628,0.5597147950089126
0.9536826119969628,0.5599643334819439
0.9536826119969628,0.56021409455843
0.95292331055429,0.5600178491744757
0.9521640091116174,0.5598214285714286
0.9521640091116174,0.5600714604734256
0.9514047076689446,0.5598748882931188
0.9514047076689446,0.5601251676352258
0.9514047076689446,0.5603756708407871
0.9514047076689446,0.5606263982102908
0.9506454062262718,0.5604297224709042
0.9506454062262718,0.5606806986117331
0.9498861047835991,0.5604838709677419
0.9498861047835991,0.5607350963693412
0.9498861047835991,0.5609865470852018
0.9491268033409264,0.5607895917451772
0.9491268033409264,0.5610412926391383
0.9491268033409264,0.5612932195779075
0.9483675018982536,0.5610961365678346
0.9483675018982536,0.5613483146067416
0.9483675018982536,0.5616007194244604
0.9483675018982536,0.5618533513270355
0.9483675018982536,0.5621062106210621
0.9476082004555809,0.5619090499774876
0.9468488990129081,0.5617117117117117
0.9468488990129081,0.5619648490310951
0.9468488990129081,0.5622182146077548
0.9468488990129081,0.5624718087505638
0.9468488990129081,0.5627256317689531
0.9468488990129081,0.562979683972912
0.9460895975702354,0.5627822944896116
0.9460895975702354,0.5630366018978762
0.9460895975702354,0.5632911392405063
0.9460895975702354,0.5635459068294889
0.9460895975702354,0.5638009049773756
0.9460895975702354,0.5640561339972838
0.9460895975702354,0.5643115942028986
0.9460895975702354,0.564567285908473
0.9460895975702354,0.5648232094288305
0.9453302961275627,0.564625850340136
0.9445709946848899,0.5644283121597096
0.9438116932422171,0.5642305946436678
0.9438116932422171,0.564486830154405
0.9438116932422171,0.5647432985006815
0.9438116932422171,0.565
0.9438116932422171,0.5652569349704412
0.9438116932422171,0.5655141037306642
0.9438116932422171,0.5657715065999089
0.9438116932422171,0.5660291438979964
0.9438116932422171,0.5662870159453303
0.9438116932422171,0.5665451230628988
0.9438116932422171,0.5668034655722755
0.9438116932422171,0.5670620437956204
0.9438116932422171,0.5673208580556823
0.9438116932422171,0.5675799086757991
0.9438116932422171,0.5678391959798995
0.9438116932422171,0.5680987202925045
0.9438116932422171,0.5683584819387288
0.9438116932422171,0.5686184812442818
0.9438116932422171,0.5688787185354691
0.9438116932422171,0.5691391941391941
0.9438116932422171,0.5693999083829593
0.9438116932422171,0.5696608615948671
0.9430523917995444,0.5694635488308115
0.9430523917995444,0.5697247706422018
0.9430523917995444,0.5699862322166132
0.9430523917995444,0.5702479338842975
0.9430523917995444,0.5705098759761139
0.9422930903568717,0.5703125
0.9422930903568717,0.5705747126436782
0.9422930903568717,0.5708371665133395
0.9422930903568717,0.5710998619420157
0.9422930903568717,0.5713627992633518
0.9422930903568717,0.5716259788116076
0.9415337889141989,0.5714285714285714
0.9415337889141989,0.5716920239741816
0.9415337889141989,0.5719557195571956
0.9415337889141989,0.5722196585140747
0.9407744874715261,0.5720221606648199
0.9400151860288535,0.571824480369515
0.9392558845861807,0.571626617375231
0.9392558845861807,0.5718908922792418
0.9384965831435079,0.5716928769657724
0.9384965831435079,0.5719574271170754
0.9384965831435079,0.5722222222222222
0.9384965831435079,0.5724872626215841
0.9384965831435079,0.5727525486561631
0.9384965831435079,0.5730180806675939
0.9384965831435079,0.5732838589981447
0.9384965831435079,0.5735498839907193
0.9384965831435079,0.5738161559888579
0.9384965831435079,0.5740826753367394
0.9384965831435079,0.5743494423791822
0.9377372817008353,0.5741515574151558
0.9369779802581625,0.573953488372093
0.9369779802581625,0.5742205677059097
0.9369779802581625,0.574487895716946
0.9369779802581625,0.5747554727526781
0.9369779802581625,0.5750232991612302
0.9369779802581625,0.5752913752913753
0.9369779802581625,0.5755597014925373
0.9369779802581625,0.5758282781147923
0.9369779802581625,0.5760971055088702
0.9369779802581625,0.576366184026156
0.9362186788154897,0.5761682242990654
0.9362186788154897,0.576437587657784
0.9362186788154897,0.5767072029934518
0.9362186788154897,0.5769770706598034
0.9362186788154897,0.577247191011236
0.9362186788154897,0.5775175644028103
0.935459377372817,0.5773195876288659
0.9347000759301443,0.577121425222691
0.9347000759301443,0.5773921200750469
0.9347000759301443,0.5776630689816987
0.9347000759301443,0.5779342723004695
0.9339407744874715,0.5777360263034288
0.9339407744874715,0.5780075187969925
0.9339407744874715,0.5782792665726375
0.9339407744874715,0.5785512699905927
0.9339407744874715,0.5788235294117647
0.9339407744874715,0.5790960451977402
0.9331814730447988,0.5788977861516722
0.9331814730447988,0.5791705937794533
0.9331814730447988,0.5794436586515794
0.9331814730447988,0.5797169811320755
0.9331814730447988,0.5799905615856537
0.932422171602126,0.5797922568460812
0.932422171602126,0.5800661313179027
0.932422171602126,0.5803402646502835
0.932422171602126,0.5806146572104018
0.932422171602126,0.5808893093661306
0.932422171602126,0.5811642214860389
0.932422171602126,0.5814393939393939
0.9316628701594533,0.5812411179535765
0.9316628701594533,0.5815165876777251
0.9316628701594533,0.5817923186344239
0.9316628701594533,0.5820683111954459
0.9309035687167806,0.5818699572852397
0.9309035687167806,0.5821462488129154
0.9309035687167806,0.5824228028503563
0.9309035687167806,0.5826996197718631
0.9309035687167806,0.5829766999524488
0.9309035687167806,0.5832540437678402
0.9309035687167806,0.5835316515944788
0.9309035687167806,0.5838095238095238
0.9309035687167806,0.5840876607908528
0.9309035687167806,0.5843660629170638
0.9309035687167806,0.5846447305674773
0.9309035687167806,0.5849236641221374
0.9309035687167806,0.5852028639618139
0.9309035687167806,0.5854823304680038
0.9301442672741078,0.5852842809364549
0.929384965831435,0.5850860420650096
0.929384965831435,0.5853658536585366
0.9286256643887624,0.5851674641148326
0.9286256643887624,0.585447582575395
0.9286256643887624,0.585727969348659
0.9278663629460896,0.5855294681360805
0.9278663629460896,0.585810162991371
0.9278663629460896,0.5860911270983213
0.9278663629460896,0.5863723608445297
0.9271070615034168,0.586173787806049
0.9271070615034168,0.5864553314121037
0.9271070615034168,0.5867371456030754
0.9271070615034168,0.5870192307692308
0.9263477600607442,0.5868205868205868
0.9263477600607442,0.5871029836381135
0.9263477600607442,0.587385652383245
0.9263477600607442,0.5876685934489403
0.9263477600607442,0.5879518072289157
0.9263477600607442,0.5882352941176471
0.9263477600607442,0.5885190545103715
0.9263477600607442,0.5888030888030888
0.9263477600607442,0.589087397392564
0.9263477600607442,0.5893719806763285
0.9263477600607442,0.5896568390526824
0.9255884586180714,0.589458413926499
0.9248291571753986,0.5892597968069666
0.9248291571753986,0.5895450145208132
0.9248291571753986,0.5898305084745763
0.9248291571753986,0.5901162790697675
0.9248291571753986,0.5904023267086767
0.9248291571753986,0.5906886517943744
0.9248291571753986,0.5909752547307132
0.9248291571753986,0.5912621359223301
0.9248291571753986,0.5915492957746479
0.9248291571753986,0.5918367346938775
0.9248291571753986,0.5921244530870199
0.9248291571753986,0.5924124513618677
0.9248291571753986,0.5927007299270073
0.9248291571753986,0.5929892891918208
0.9248291571753986,0.5932781295664881
0.9240698557327259,0.5930799220272904
0.9240698557327259,0.5933690882496343
0.9240698557327259,0.5936585365853658
0.9240698557327259,0.5939482674475354
0.9240698557327259,0.59423828125
0.9240698557327259,0.5945285784074255
0.9240698557327259,0.5948191593352884
0.9240698557327259,0.5951100244498777
0.9240698557327259,0.5954011741682974
0.9240698557327259,0.595692608908468
0.9240698557327259,0.5959843290891284
0.9240698557327259,0.5962763351298384
0.9240698557327259,0.5965686274509804
0.9240698557327259,0.5968612064737616
0.9233105542900532,0.5966633954857704
0.9225512528473804,0.5964653902798233
0.9225512528473804,0.5967583497053045
0.9225512528473804,0.597051597051597
0.9217919514047077,0.5968534906588004
0.9217919514047077,0.5971470732907034
0.9217919514047077,0.5974409448818898
0.9217919514047077,0.5977351058591827
0.9217919514047077,0.5980295566502463
0.9217919514047077,0.598324297683588
0.9217919514047077,0.5986193293885601
0.9210326499620349,0.5984213122841638
0.9210326499620349,0.5987166831194471
0.9210326499620349,0.5990123456790123
0.9210326499620349,0.599308300395257
0.9210326499620349,0.5996045477014336
0.9210326499620349,0.5999010880316519
0.9202733485193622,0.5997031172686789
0.9202733485193622,0.6
0.9202733485193622,0.600297176820208
0.9202733485193622,0.6005946481665014
0.9202733485193622,0.600892414476946
0.9202733485193622,0.6011904761904762
0.9195140470766895,0.6009925558312655
0.9195140470766895,0.6012909632571996
0.9187547456340167,0.6010928961748634
0.9187547456340167,0.6013916500994035
0.9187547456340167,0.6016907011437096
0.9187547456340167,0.6019900497512438
0.9187547456340167,0.6022896963663514
0.9187547456340167,0.602589641434263
0.9187547456340167,0.6028898854010961
0.9187547456340167,0.6031904287138584
0.9187547456340167,0.6034912718204489
0.9179954441913439,0.6032934131736527
0.9179954441913439,0.6035946080878682
0.9172361427486713,0.6033966033966034
0.9172361427486713,0.6036981509245377
0.9172361427486713,0.604
0.9172361427486713,0.6043021510755378
0.9164768413059985,0.6041041041041041
0.9157175398633257,0.6039058587881823
0.9157175398633257,0.6042084168336673
0.9157175398633257,0.6045112781954888
0.9157175398633257,0.60481444332999
0.9157175398633257,0.6051179126944305
0.914958238420653,0.6049196787148594
0.914958238420653,0.6052235057759919
0.914958238420653,0.6055276381909548
0.914958238420653,0.6058320764203117
0.914958238420653,0.6061368209255533
0.9141989369779803,0.6059386009058882
0.9134396355353075,0.6057401812688822
0.9134396355353075,0.6060453400503778
0.9134396355353075,0.6063508064516129
0.9134396355353075,0.6066565809379728
0.9134396355353075,0.606962663975782
0.9134396355353075,0.607269056032307
0.9134396355353075,0.6075757575757575
0.9134396355353075,0.6078827690752906
0.9134396355353075,0.6081900910010111
0.9134396355353075,0.6084977238239757
0.9134396355353075,0.6088056680161943
0.9126803340926348,0.6086075949367089
0.9126803340926348,0.6089159067882473
0.9126803340926348,0.6092245311708059
0.9126803340926348,0.6095334685598377
0.9126803340926348,0.6098427194317605
0.9126803340926348,0.6101522842639594
0.9126803340926348,0.6104621635347892
0.9126803340926348,0.6107723577235772
0.9126803340926348,0.6110828673106253
0.9126803340926348,0.6113936927772126
0.9126803340926348,0.611704834605598
0.9126803340926348,0.6120162932790224
0.9126803340926348,0.6123280692817117
0.9126803340926348,0.6126401630988787
0.9126803340926348,0.6129525752167262
0.9126803340926348,0.613265306122449
0.911921032649962,0.6130678917815212
0.9111617312072893,0.6128702757916241
0.9111617312072893,0.6131834440470108
0.9104024297646166,0.6129856850715747
0.9096431283219438,0.6127877237851662
0.908883826879271,0.612589559877175
0.908883826879271,0.6129032258064516
0.908883826879271,0.6132172131147541
0.908883826879271,0.6135315222962583
0.908883826879271,0.6138461538461538
0.908883826879271,0.6141611082606465
0.908883826879271,0.614476386036961
0.908883826879271,0.6147919876733436
0.9081245254365984,0.6145940390544707
0.9081245254365984,0.6149100257069409
0.9081245254365984,0.6152263374485597
0.9081245254365984,0.6155429747812661
0.9081245254365984,0.615859938208033
0.9073652239939256,0.6156620298815044
0.9073652239939256,0.615979381443299
0.9073652239939256,0.6162970603403817
0.9073652239939256,0.6166150670794633
0.9073652239939256,0.6169334021683015
0.9066059225512528,0.6167355371900827
0.9066059225512528,0.6170542635658914
0.9066059225512528,0.6173733195449845
0.90584662110858,0.6171753750646664
0.90584662110858,0.6174948240165632
0.90584662110858,0.6178146038322113
0.90584662110858,0.6181347150259068
0.9050873196659074,0.6179367547952307
0.9050873196659074,0.6182572614107884
0.9050873196659074,0.6185781006746238
0.9050873196659074,0.6188992731048806
0.9050873196659074,0.6192207792207792
0.9050873196659074,0.6195426195426196
0.9050873196659074,0.6198647945917837
0.9050873196659074,0.6201873048907388
0.9050873196659074,0.6205101509630401
0.9050873196659074,0.6208333333333333
0.9050873196659074,0.621156852527358
0.9050873196659074,0.62148070907195
0.9050873196659074,0.6218049034950444
0.9050873196659074,0.6221294363256785
0.9043280182232346,0.6219321148825065
0.9043280182232346,0.622257053291536
0.9043280182232346,0.6225823314166231
0.9035687167805618,0.6223849372384938
0.9028094153378892,0.6221873364730508
0.9020501138952164,0.6219895287958115
0.9020501138952164,0.6223153483499214
0.9020501138952164,0.6226415094339622
0.9020501138952164,0.6229680125852124
0.9020501138952164,0.6232948583420777
0.9012908124525436,0.6230971128608924
0.9012908124525436,0.6234243697478992
0.9005315110098709,0.6232264844981608
0.8997722095671982,0.6230283911671924
0.8990129081245254,0.6228300894266176
0.8982536066818527,0.6226315789473684
0.8982536066818527,0.6229594523433386
0.8982536066818527,0.6232876712328768
0.8982536066818527,0.6236162361623616
0.89749430523918,0.6234177215189873
0.8967350037965072,0.6232189973614776
0.8967350037965072,0.6235480464625132
0.8967350037965072,0.623877443211833
0.8959757023538345,0.6236786469344608
0.8959757023538345,0.6240084611316764
0.8959757023538345,0.6243386243386243
0.8959757023538345,0.6246691371095818
0.8959757023538345,0.625
0.8959757023538345,0.6253312135665077
0.8959757023538345,0.6256627783669141
0.8959757023538345,0.6259946949602122
0.8959757023538345,0.6263269639065817
0.8952164009111617,0.6261285183218269
0.8952164009111617,0.626461211477152
0.8952164009111617,0.6267942583732058
0.8952164009111617,0.627127659574468
0.8952164009111617,0.6274614156466205
0.894457099468489,0.6272630457933972
0.894457099468489,0.6275972296217368
0.894457099468489,0.6279317697228145
0.894457099468489,0.6282666666666666
0.894457099468489,0.6286019210245464
0.894457099468489,0.6289375333689269
0.894457099468489,0.6292735042735043
0.894457099468489,0.6296098343132015
0.894457099468489,0.6299465240641712
0.894457099468489,0.6302835741037989
0.894457099468489,0.6306209850107066
0.894457099468489,0.6309587573647563
0.894457099468489,0.6312968917470525
0.894457099468489,0.6316353887399464
0.894457099468489,0.6319742489270386
0.894457099468489,0.6323134728931831
0.894457099468489,0.6326530612244898
0.894457099468489,0.6329930145083289
0.894457099468489,0.6333333333333333
0.8936977980258163,0.6331360946745562
0.8936977980258163,0.6334768568353067
0.8929384965831435,0.6332794830371568
0.8929384965831435,0.6336206896551724
0.8929384965831435,0.6339622641509434
0.8929384965831435,0.6343042071197411
0.8929384965831435,0.634646519158122
0.8921791951404707,0.6344492440604752
0.8914198936977981,0.6342517558076716
0.8914198936977981,0.6345945945945946
0.8906605922551253,0.6343969713358573
0.8906605922551253,0.6347402597402597
0.8899012908124525,0.6345425013535463
0.8899012908124525,0.6348862405200434
0.8899012908124525,0.635230352303523
0.8899012908124525,0.6355748373101953
0.8899012908124525,0.6359196961475855
0.8899012908124525,0.6362649294245385
0.8891419893697798,0.6360673546985334
0.8883826879271071,0.6358695652173914
0.8883826879271071,0.636215334420881
0.8883826879271071,0.6365614798694232
0.8883826879271071,0.6369080021774632
0.8883826879271071,0.6372549019607843
0.8883826879271071,0.6376021798365122
0.8876233864844343,0.6374045801526718
0.8876233864844343,0.6377523186033824
0.8876233864844343,0.6381004366812227
0.8876233864844343,0.6384489350081922
0.8876233864844343,0.6387978142076502
0.8876233864844343,0.6391470749043193
0.8868640850417616,0.6389496717724289
0.8868640850417616,0.6392993979200876
0.8868640850417616,0.6396495071193866
0.8868640850417616,0.64
0.8861047835990888,0.6398026315789473
0.8861047835990888,0.6401535929786067
0.8861047835990888,0.6405049396267838
0.8853454821564161,0.6403075233388248
0.8853454821564161,0.6406593406593407
0.8853454821564161,0.6410115448048378
0.8853454821564161,0.6413641364136413
0.8853454821564161,0.6417171161254815
0.8853454821564161,0.6420704845814978
0.8845861807137434,0.6418732782369146
0.8845861807137434,0.6422271223814774
0.8845861807137434,0.6425813568670712
0.8838268792710706,0.6423841059602649
0.8830675778283978,0.6421866372170072
0.8830675778283978,0.6425414364640883
0.8830675778283978,0.6428966279712548
0.8830675778283978,0.6432522123893806
0.8830675778283978,0.6436081903707803
0.8823082763857252,0.6434108527131783
0.8823082763857252,0.6437673130193906
0.8823082763857252,0.6441241685144125
0.8823082763857252,0.6444814198557959
0.8823082763857252,0.6448390677025527
0.8823082763857252,0.6451971127151582
0.8823082763857252,0.6455555555555555
0.8823082763857252,0.6459143968871596
0.8823082763857252,0.646273637374861
0.8823082763857252,0.6466332776850306
0.8823082763857252,0.6469933184855234
0.8823082763857252,0.6473537604456825
0.8815489749430524,0.6471571906354515
0.8815489749430524,0.6475181260457334
0.8807896735003796,0.6473214285714286
0.880030372057707,0.6471245114461195
0.880030372057707,0.647486033519553
0.880030372057707,0.6478479597540525
0.880030372057707,0.6482102908277405
0.8792710706150342,0.6480134303301622
0.8792710706150342,0.6483762597984323
0.8792710706150342,0.6487394957983194
0.8785117691723614,0.648542600896861
0.8785117691723614,0.6489063376332025
0.8777524677296887,0.6487093153759821
0.876993166287016,0.6485120718697361
0.876993166287016,0.648876404494382
0.876993166287016,0.6492411467116358
0.8762338648443432,0.6490438695163104
0.8762338648443432,0.6494091164884637
0.8762338648443432,0.6497747747747747
0.8762338648443432,0.6501408450704226
0.8762338648443432,0.6505073280721533
0.8762338648443432,0.6508742244782854
0.8754745634016705,0.6506772009029346
0.8747152619589977,0.6504799548277809
0.873955960516325,0.6502824858757063
0.8731966590736523,0.6500847936687394
0.8731966590736523,0.6504524886877828
0.8731966590736523,0.6508205998868138
0.8731966590736523,0.6511891279728199
0.8731966590736523,0.6515580736543909
0.8731966590736523,0.6519274376417233
0.8731966590736523,0.6522972206466251
0.8731966590736523,0.6526674233825198
0.8731966590736523,0.653038046564452
0.8731966590736523,0.6534090909090909
0.8731966590736523,0.6537805571347356
0.8731966590736523,0.6541524459613197
0.8731966590736523,0.6545247581104154
0.8731966590736523,0.6548974943052391
0.8731966590736523,0.6552706552706553
0.8731966590736523,0.6556442417331813
0.8731966590736523,0.6560182544209926
0.8731966590736523,0.656392694063927
0.8731966590736523,0.6567675613934895
0.8731966590736523,0.6571428571428571
0.8731966590736523,0.657518582046884
0.8731966590736523,0.6578947368421053
0.8731966590736523,0.658271322266743
0.8731966590736523,0.6586483390607102
0.8731966590736523,0.6590257879656161
0.8731966590736523,0.6594036697247706
0.8731966590736523,0.6597819850831899
0.8731966590736523,0.6601607347876005
0.8731966590736523,0.6605399195864445
0.8731966590736523,0.6609195402298851
0.8731966590736523,0.6612995974698103
0.8731966590736523,0.6616800920598389
0.8731966590736523,0.6620610247553252
0.8724373576309795,0.6618663594470046
0.8724373576309795,0.6622478386167147
0.8716780561883067,0.6620530565167243
0.8716780561883067,0.6624350836699365
0.8709187547456341,0.6622401847575058
0.8709187547456341,0.6626227614095899
0.8709187547456341,0.6630057803468208
0.8709187547456341,0.6633892423366108
0.8709187547456341,0.6637731481481481
0.8709187547456341,0.664157498552403
0.8701594533029613,0.6639629200463499
0.8701594533029613,0.6643478260869565
0.8701594533029613,0.6647331786542924
0.8701594533029613,0.665118978525827
0.8701594533029613,0.6655052264808362
0.8701594533029613,0.6658919233004067
0.8701594533029613,0.6662790697674419
0.8701594533029613,0.6666666666666666
0.8694001518602885,0.6664726426076834
0.8694001518602885,0.6668608037274316
0.8694001518602885,0.6672494172494172
0.8694001518602885,0.6676384839650146
0.8694001518602885,0.6680280046674446
0.8694001518602885,0.6684179801517806
0.8694001518602885,0.6688084112149533
0.8694001518602885,0.6691992986557569
0.8686408504176157,0.6690058479532164
0.8686408504176157,0.6693973083674664
0.8686408504176157,0.6697892271662763
0.8686408504176157,0.6701816051552432
0.8686408504176157,0.6705744431418523
0.8686408504176157,0.6709677419354839
0.8686408504176157,0.6713615023474179
0.8678815489749431,0.6711685261303582
0.8678815489749431,0.6715628672150411
0.8678815489749431,0.671957671957672
0.8671222475322703,0.6717647058823529
0.8671222475322703,0.672160094173043
0.8663629460895975,0.6719670200235571
0.8663629460895975,0.6723629935179729
0.8663629460895975,0.6727594339622641
0.8663629460895975,0.6731563421828909
0.8663629460895975,0.6735537190082644
0.8663629460895975,0.6739515652687537
0.8663629460895975,0.6743498817966903
0.8663629460895975,0.6747486694263749
0.8663629460895975,0.6751479289940828
0.8663629460895975,0.6755476613380699
0.8656036446469249,0.6753554502369669
0.8656036446469249,0.6757557794902194
0.8656036446469249,0.6761565836298933
0.8656036446469249,0.6765578635014837
0.8648443432042521,0.6763657957244655
0.8648443432042521,0.6767676767676768
0.8648443432042521,0.6771700356718192
0.8648443432042521,0.6775728732897085
0.8648443432042521,0.6779761904761905
0.8648443432042521,0.6783799880881477
0.8640850417615793,0.6781883194278904
0.8640850417615793,0.678592725104353
0.8640850417615793,0.6789976133651552
0.8640850417615793,0.6794029850746268
0.8640850417615793,0.6798088410991637
0.8640850417615793,0.6802151823072325
0.8640850417615793,0.680622009569378
0.8640850417615793,0.6810293237582286
0.8633257403189066,0.6808383233532934
0.8633257403189066,0.6812462552426602
0.8633257403189066,0.6816546762589928
0.8633257403189066,0.6820635872825435
0.8633257403189066,0.6824729891956782
0.8633257403189066,0.6828828828828829
0.8633257403189066,0.6832932692307693
0.8633257403189066,0.6837041491280818
0.8633257403189066,0.6841155234657039
0.8633257403189066,0.6845273931366647
0.8625664388762339,0.6843373493975904
0.8625664388762339,0.6847498493068114
0.8618071374335611,0.6845597104945718
0.8618071374335611,0.6849728424864212
0.8618071374335611,0.6853864734299517
0.8618071374335611,0.6858006042296072
0.8618071374335611,0.6862152357920194
0.8618071374335611,0.6866303690260133
0.8610478359908884,0.6864406779661016
0.8610478359908884,0.6868564506359782
0.8610478359908884,0.6872727272727273
0.8610478359908884,0.687689508793208
0.8610478359908884,0.6881067961165048
0.8610478359908884,0.6885245901639344
0.8610478359908884,0.6889428918590522
0.8610478359908884,0.6893617021276596
0.8610478359908884,0.6897810218978102
0.8602885345482156,0.689592209373098
0.8595292331055429,0.6894031668696712
0.8587699316628702,0.6892138939670932
0.8587699316628702,0.6896341463414634
0.8580106302201974,0.689444783404515
0.8580106302201974,0.6898656898656899
0.8580106302201974,0.6902871105681124
0.8580106302201974,0.6907090464547677
0.8572513287775246,0.690519877675841
0.856492027334852,0.6903304773561811
0.8557327258921792,0.6901408450704225
0.8557327258921792,0.6905637254901961
0.8557327258921792,0.6909871244635193
0.8557327258921792,0.6914110429447853
0.8549734244495064,0.6912216083486802
0.8549734244495064,0.6916461916461917
0.8549734244495064,0.6920712968653965
0.8549734244495064,0.6924969249692496
0.8549734244495064,0.692923076923077
0.8549734244495064,0.6933497536945813
0.8549734244495064,0.6937769562538509
0.8549734244495064,0.6942046855733662
0.8549734244495064,0.6946329426280075
0.8549734244495064,0.6950617283950618
0.8542141230068337,0.6948733786287832
0.8542141230068337,0.6953028430160693
0.8542141230068337,0.6957328385899815
0.8542141230068337,0.6961633663366337
0.8542141230068337,0.6965944272445821
0.8542141230068337,0.6970260223048327
0.853454821564161,0.6968381897086174
0.853454821564161,0.6972704714640199
0.8526955201214882,0.6970825574177529
0.8526955201214882,0.6975155279503106
0.8526955201214882,0.6979490366687383
0.8526955201214882,0.6983830845771144
0.8519362186788155,0.6981953951462352
0.8519362186788155,0.6986301369863014
0.8511769172361427,0.6984423676012461
0.8511769172361427,0.6988778054862843
0.8511769172361427,0.6993137866500312
0.8511769172361427,0.6997503121098627
0.8511769172361427,0.7001873828856965
0.8511769172361427,0.700625
0.85041761579347,0.7004377736085053
0.85041761579347,0.7008760951188986
0.8496583143507973,0.7006887914840325
0.8496583143507973,0.7011278195488722
0.8496583143507973,0.7015673981191223
0.8496583143507973,0.7020075282308658
0.8496583143507973,0.7024482109227872
0.8488990129081245,0.7022613065326633
0.8488990129081245,0.7027027027027027
0.8488990129081245,0.7031446540880503
0.8481397114654518,0.7029578351164254
0.8473804100227791,0.7027707808564232
0.8473804100227791,0.7032136105860114
0.8466211085801063,0.7030264817150063
0.8466211085801063,0.7034700315457413
0.8466211085801063,0.7039141414141414
0.8466211085801063,0.704358812381554
0.8466211085801063,0.7048040455120101
0.8458618071374335,0.704617330803289
0.8458618071374335,0.7050632911392405
0.8458618071374335,0.7055098163394553
0.8458618071374335,0.70595690747782
0.8458618071374335,0.7064045656309448
0.8451025056947609,0.7062182741116751
0.8451025056947609,0.7066666666666667
0.8443432042520881,0.7064803049555273
0.8443432042520881,0.7069294342021615
0.8443432042520881,0.7073791348600509
0.8443432042520881,0.7078294080203692
0.8443432042520881,0.70828025477707
0.8443432042520881,0.7087316762268961
0.8443432042520881,0.7091836734693877
0.8443432042520881,0.7096362476068921
0.8435839028094153,0.7094508301404853
0.8435839028094153,0.7099041533546326
0.8435839028094153,0.7103580562659847
0.8435839028094153,0.7108125399872041
0.8428246013667426,0.7106274007682458
0.8420652999240699,0.7104420243433697
0.8420652999240699,0.7108974358974359
0.8420652999240699,0.7113534316869788
0.8413059984813971,0.711168164313222
0.8413059984813971,0.7116249197174053
0.8413059984813971,0.712082262210797
0.8413059984813971,0.712540192926045
0.8413059984813971,0.712998712998713
0.8413059984813971,0.7134578235672892
0.8413059984813971,0.7139175257731959
0.8413059984813971,0.7143778207607995
0.8405466970387244,0.7141935483870968
0.8405466970387244,0.7146546158812137
0.8405466970387244,0.7151162790697675
0.8397873955960516,0.7149321266968326
0.8397873955960516,0.7153945666235446
0.8397873955960516,0.7158576051779936
0.8390280941533789,0.7156735751295337
0.8390280941533789,0.7161373946856773
0.8390280941533789,0.7166018158236057
0.8390280941533789,0.7170668397144712
0.8390280941533789,0.7175324675324676
0.8382687927107062,0.7173489278752436
0.8382687927107062,0.717815344603381
0.8382687927107062,0.7182823682498374
0.8382687927107062,0.71875
0.8375094912680334,0.7185667752442997
0.8375094912680334,0.7190352020860495
0.8375094912680334,0.7195042400521853
0.8375094912680334,0.7199738903394256
0.8375094912680334,0.720444154147616
0.8375094912680334,0.7209150326797386
0.8367501898253606,0.7207325049051668
0.8367501898253606,0.7212041884816754
0.8367501898253606,0.7216764898493778
0.8367501898253606,0.7221494102228048
0.8367501898253606,0.7226229508196721
0.8367501898253606,0.7230971128608924
0.8367501898253606,0.7235718975705844
0.835990888382688,0.7233902759526938
0.835990888382688,0.7238658777120316
0.835990888382688,0.7243421052631579
0.835990888382688,0.7248189598420013
0.835990888382688,0.7252964426877471
0.835990888382688,0.7257745550428477
0.835990888382688,0.7262532981530343
0.835990888382688,0.7267326732673267
0.8352315869400152,0.726552179656539
0.8352315869400152,0.7270323859881032
0.8352315869400152,0.7275132275132276
0.8352315869400152,0.727994705493051
0.8352315869400152,0.7284768211920529
0.8352315869400152,0.7289595758780649
0.8352315869400152,0.7294429708222812
0.8352315869400152,0.7299270072992701
0.8352315869400152,0.7304116865869854
0.8344722854973424,0.7302325581395349
0.8344722854973424,0.730718085106383
0.8344722854973424,0.7312042581503659
0.8337129840546698,0.7310252996005326
0.8337129840546698,0.7315123251165889
0.832953682611997,0.7313333333333333
0.8321943811693242,0.7311541027351568
0.8321943811693242,0.7316421895861148
0.8321943811693242,0.7321309285237141
0.8314350797266514,0.731951871657754
0.8314350797266514,0.7324414715719063
0.8314350797266514,0.7329317269076305
0.8306757782839788,0.7327528466175486
0.8306757782839788,0.7332439678284183
0.829916476841306,0.7330650570087189
0.8291571753986332,0.7328859060402685
0.8291571753986332,0.7333781061114842
0.8291571753986332,0.7338709677419355
0.8291571753986332,0.734364492266308
0.8283978739559605,0.734185733512786
0.8283978739559605,0.7346801346801347
0.8276385725132878,0.7345013477088949
0.826879271070615,0.734322319622387
0.826879271070615,0.7348178137651822
0.8261199696279423,0.7346387575962188
0.8253606681852695,0.7344594594594595
0.8253606681852695,0.7349560513860717
0.8246013667425968,0.7347767253044655
0.8246013667425968,0.7352742044685172
0.8246013667425968,0.7357723577235772
0.8246013667425968,0.736271186440678
0.8246013667425968,0.7367706919945726
0.8246013667425968,0.7372708757637475
0.8238420652999241,0.7370923913043478
0.8238420652999241,0.7375934738273283
0.8230827638572513,0.7374149659863946
0.8223234624145785,0.7372362151123213
0.8215641609719059,0.7370572207084468
0.8215641609719059,0.7375596455351057
0.8215641609719059,0.73806275579809
0.8208048595292331,0.7378839590443687
0.8208048595292331,0.7383879781420765
0.8200455580865603,0.7382091592617909
0.8200455580865603,0.7387140902872777
0.8200455580865603,0.7392197125256673
0.8200455580865603,0.7397260273972602
0.8200455580865603,0.7402330363262508
0.8192862566438877,0.7400548696844993
0.8192862566438877,0.7405628002745367
0.8185269552012149,0.7403846153846154
0.8185269552012149,0.740893470790378
0.8185269552012149,0.7414030261348006
0.8185269552012149,0.741913282863042
0.8185269552012149,0.7424242424242424
0.8185269552012149,0.7429359062715368
0.8185269552012149,0.743448275862069
0.8185269552012149,0.7439613526570048
0.8177676537585421,0.7437845303867403
0.8177676537585421,0.7442985487214927
0.8177676537585421,0.7448132780082988
0.8170083523158694,0.744636678200692
0.8170083523158694,0.7451523545706371
0.8170083523158694,0.7456687456687456
0.8170083523158694,0.7461858529819695
0.8170083523158694,0.7467036780013879
0.8162490508731967,0.7465277777777778
0.8162490508731967,0.7470465601111883
0.8154897494305239,0.7468706536856745
0.8154897494305239,0.7473903966597077
0.8154897494305239,0.7479108635097493
0.8147304479878512,0.7477351916376307
0.8147304479878512,0.7482566248256625
0.8147304479878512,0.7487787857641311
0.8139711465451784,0.7486033519553073
0.8132118451025057,0.7484276729559748
0.8132118451025057,0.7489510489510489
0.812452543659833,0.7487753673897831
0.812452543659833,0.7492997198879552
0.812452543659833,0.7498248072880168
0.8116932422171602,0.7496493688639552
0.8116932422171602,0.7501754385964913
0.8116932422171602,0.7507022471910112
0.8116932422171602,0.7512297962052003
0.8109339407744874,0.7510548523206751
0.8109339407744874,0.7515833919774807
0.8109339407744874,0.752112676056338
0.8109339407744874,0.7526427061310782
0.8101746393318148,0.7524682651622003
0.8101746393318148,0.7529992942836979
0.8101746393318148,0.7535310734463276
0.8101746393318148,0.7540636042402827
0.809415337889142,0.7538896746817539
0.809415337889142,0.7544232130219392
0.8086560364464692,0.7542492917847026
0.8086560364464692,0.7547838412473423
0.8086560364464692,0.7553191489361702
0.8078967350037966,0.7551454932576295
0.8078967350037966,0.7556818181818182
0.8078967350037966,0.7562189054726368
0.8078967350037966,0.7567567567567568
0.8078967350037966,0.7572953736654804
0.8078967350037966,0.7578347578347578
0.8071374335611238,0.7576621525302922
0.8071374335611238,0.7582025677603423
0.8071374335611238,0.7587437544610992
0.8071374335611238,0.7592857142857142
0.806378132118451,0.7591136526090064
0.806378132118451,0.759656652360515
0.806378132118451,0.760200429491768
0.806378132118451,0.7607449856733525
0.806378132118451,0.7612903225806451
0.806378132118451,0.7618364418938307
0.806378132118451,0.7623833452979182
0.806378132118451,0.7629310344827587
0.8056188306757783,0.7627606038820992
0.8048595292331056,0.762589928057554
0.8048595292331056,0.7631389488840893
0.8041002277904328,0.7629682997118156
0.8041002277904328,0.7635183850036049
0.8033409263477601,0.7633477633477633
0.8033409263477601,0.763898916967509
0.8033409263477601,0.7644508670520231
0.8033409263477601,0.765003615328995
0.8033409263477601,0.7655571635311144
0.8033409263477601,0.7661115133960897
0.8033409263477601,0.7666666666666667
0.8025816249050873,0.766497461928934
0.8025816249050873,0.7670537010159652
0.8025816249050873,0.7676107480029049
0.8025816249050873,0.7681686046511628
0.8018223234624146,0.768
0.8010630220197419,0.7678311499272198
0.8010630220197419,0.7683903860160233
0.8010630220197419,0.7689504373177842
0.8010630220197419,0.7695113056163384
0.8010630220197419,0.7700729927007299
0.8010630220197419,0.7706355003652301
0.8010630220197419,0.7711988304093568
0.8010630220197419,0.7717629846378932
0.8010630220197419,0.7723279648609077
0.8010630220197419,0.7728937728937729
0.8010630220197419,0.7734604105571847
0.8010630220197419,0.7740278796771827
0.8010630220197419,0.7745961820851689
0.8010630220197419,0.775165319617928
0.8003037205770691,0.775
0.8003037205770691,0.775570272259014
0.8003037205770691,0.7761413843888071
0.8003037205770691,0.7767133382461312
0.8003037205770691,0.7772861356932154
0.8003037205770691,0.777859778597786
0.8003037205770691,0.7784342688330872
0.8003037205770691,0.779009608277901
0.7995444191343963,0.7788461538461539
0.7995444191343963,0.7794226498889711
0.7995444191343963,0.78
0.7995444191343963,0.7805782060785768
0.7995444191343963,0.7811572700296736
0.7987851176917237,0.7809948032665182
0.7987851176917237,0.7815750371471025
0.7980258162490509,0.7814126394052044
0.7980258162490509,0.7819940476190477
0.7972665148063781,0.7818317200297841
0.7972665148063781,0.7824143070044709
0.7965072133637054,0.7822520507084265
0.7957479119210327,0.7820895522388059
0.7957479119210327,0.7826736370425691
0.7957479119210327,0.7832585949177877
0.7957479119210327,0.7838444278234854
0.7957479119210327,0.7844311377245509
0.7957479119210327,0.7850187265917603
0.7949886104783599,0.7848575712143928
0.7949886104783599,0.7854463615903976
0.7949886104783599,0.786036036036036
0.7942293090356871,0.7858752817430503
0.7942293090356871,0.7864661654135339
0.7942293090356871,0.7870579382994732
0.7934700075930144,0.7868975903614458
0.7934700075930144,0.787490580256217
0.7934700075930144,0.7880844645550528
0.7934700075930144,0.7886792452830189
0.7927107061503417,0.7885196374622356
0.7919514047076689,0.7883597883597884
0.7919514047076689,0.7889561270801816
0.7919514047076689,0.789553368660106
0.7919514047076689,0.7901515151515152
0.7911921032649962,0.7899924184988628
0.7911921032649962,0.7905918057663126
0.7904328018223234,0.7904328018223234
0.7904328018223234,0.791033434650456
0.7896735003796507,0.7908745247148289
0.7896735003796507,0.791476407914764
0.7896735003796507,0.7920792079207921
0.7896735003796507,0.7926829268292683
0.788914198936978,0.7925247902364607
0.788914198936978,0.7931297709923664
0.788914198936978,0.7937356760886173
0.788914198936978,0.7943425076452599
0.788914198936978,0.7949502677888294
0.7881548974943052,0.7947932618683001
0.7873955960516325,0.7946360153256705
0.7873955960516325,0.7952453987730062
0.7873955960516325,0.7958557175748273
0.7866362946089598,0.7956989247311828
0.785876993166287,0.7955418908531898
0.785876993166287,0.7961538461538461
0.785876993166287,0.7967667436489607
0.7851176917236142,0.7966101694915254
0.7843583902809416,0.7964533538936006
0.7843583902809416,0.7970679012345679
0.7843583902809416,0.7976833976833977
0.7835990888382688,0.7975270479134466
0.7835990888382688,0.7981438515081206
0.7835990888382688,0.7987616099071208
0.7835990888382688,0.7993803253292022
0.7835990888382688,0.8
0.782839787395596,0.799844840961986
0.7820804859529233,0.7996894409937888
0.7813211845102506,0.7995337995337995
0.7805618830675778,0.7993779160186625
0.7805618830675778,0.8
0.7798025816249051,0.7998442367601246
0.7790432801822323,0.7996882307092751
0.7790432801822323,0.8003120124804992
0.7790432801822323,0.8009367681498829
0.7790432801822323,0.8015625
0.7790432801822323,0.8021892103205629
0.7782839787395596,0.8020344287949922
0.7782839787395596,0.8026624902114331
0.7775246772968869,0.8025078369905956
0.7767653758542141,0.8023529411764706
0.7767653758542141,0.8029827315541601
0.7760060744115413,0.802827965435978
0.7760060744115413,0.8034591194968553
0.7760060744115413,0.8040912667191188
0.7752467729688687,0.8039370078740158
0.7752467729688687,0.8045705279747833
0.7752467729688687,0.805205047318612
0.7744874715261959,0.8050513022888713
0.7744874715261959,0.8056872037914692
0.7744874715261959,0.8063241106719368
0.7744874715261959,0.8069620253164557
0.7744874715261959,0.8076009501187649
0.7737281700835231,0.8074484944532488
0.7737281700835231,0.8080888183980968
0.7729688686408505,0.807936507936508
0.7722095671981777,0.8077839555202542
0.7722095671981777,0.8084260731319555
0.7714502657555049,0.8082736674622116
0.7714502657555049,0.8089171974522293
0.7706909643128322,0.8087649402390438
0.7706909643128322,0.8094098883572568
0.7706909643128322,0.8100558659217877
0.7706909643128322,0.810702875399361
0.7706909643128322,0.8113509192645884
0.7699316628701595,0.8112
0.7691723614274867,0.811048839071257
0.7691723614274867,0.811698717948718
0.768413059984814,0.8115477145148356
0.768413059984814,0.812199036918138
0.7676537585421412,0.8120481927710843
0.7676537585421412,0.8127009646302251
0.7676537585421412,0.8133547868061143
0.7668944570994685,0.8132045088566827
0.7668944570994685,0.8138597904915391
0.7661351556567958,0.8137096774193548
0.7661351556567958,0.814366424535916
0.7661351556567958,0.8150242326332795
0.7661351556567958,0.8156831042845594
0.7661351556567958,0.8163430420711975
0.765375854214123,0.8161943319838056
0.765375854214123,0.8168557536466775
0.7646165527714502,0.8167072181670721
0.7638572513287776,0.8165584415584416
0.7630979498861048,0.8164094232331438
0.7630979498861048,0.8170731707317073
0.762338648443432,0.8169243287225386
0.762338648443432,0.8175895765472313
0.7615793470007594,0.8174409127954361
0.7608200455580866,0.8172920065252854
0.7608200455580866,0.8179591836734694
0.7608200455580866,0.8186274509803921
0.7608200455580866,0.8192968111201963
0.7600607441154138,0.8191489361702128
0.7600607441154138,0.8198198198198198
0.7600607441154138,0.8204918032786885
0.7600607441154138,0.8211648892534865
0.7593014426727411,0.8210180623973727
0.7593014426727411,0.8216926869350862
0.7593014426727411,0.8223684210526315
0.7585421412300684,0.8222222222222222
0.7577828397873956,0.8220757825370676
0.7577828397873956,0.8227535037098104
0.7577828397873956,0.8234323432343235
0.7577828397873956,0.82411230388109
0.7570235383447228,0.8239669421487603
0.7562642369020501,0.8238213399503722
0.7562642369020501,0.8245033112582781
0.7562642369020501,0.8251864125932062
0.7562642369020501,0.8258706467661692
0.7562642369020501,0.8265560165975103
0.7555049354593774,0.8264119601328903
0.7555049354593774,0.8270989193682461
0.7555049354593774,0.8277870216306157
0.7555049354593774,0.8284762697751873
0.7555049354593774,0.8291666666666667
0.7555049354593774,0.8298582151793161
0.7547456340167046,0.8297161936560935
0.7539863325740319,0.8295739348370927
0.7532270311313591,0.8294314381270903
0.7532270311313591,0.8301255230125523
0.7532270311313591,0.830820770519263
0.7532270311313591,0.8315171835708298
0.7524677296886864,0.8313758389261745
0.7524677296886864,0.8320738874895046
0.7517084282460137,0.8319327731092437
0.7509491268033409,0.8317914213624895
0.7501898253606681,0.8316498316498316
0.7501898253606681,0.8323504633529908
0.7501898253606681,0.8330522765598651
0.7494305239179955,0.8329113924050633
0.7494305239179955,0.8336148648648649
0.7486712224753227,0.8334742180896028
0.7486712224753227,0.8341793570219966
0.7479119210326499,0.834038950042337
0.7479119210326499,0.8347457627118644
0.7479119210326499,0.8354537743850721
0.7471526195899773,0.8353140916808149
0.7463933181473045,0.8351741716227697
0.7463933181473045,0.8358843537414966
0.7463933181473045,0.8365957446808511
0.7463933181473045,0.8373083475298126
0.7463933181473045,0.8380221653878943
0.7456340167046317,0.8378839590443686
0.7456340167046317,0.838599487617421
0.744874715261959,0.8384615384615385
0.744874715261959,0.8391787852865698
0.7441154138192863,0.839041095890411
0.7433561123766135,0.8389031705227078
0.7433561123766135,0.839622641509434
0.7433561123766135,0.8403433476394849
0.7425968109339408,0.8402061855670103
0.7425968109339408,0.8409286328460877
0.741837509491268,0.8407917383820999
0.7410782080485953,0.8406546080964685
0.7403189066059226,0.8405172413793104
0.7395596051632498,0.8403796376186368
0.738800303720577,0.8402417962003454
0.738800303720577,0.8409680207433017
0.7380410022779044,0.8408304498269896
0.7372817008352316,0.8406926406926407
0.7372817008352316,0.841421143847487
0.7372817008352316,0.8421509106678231
0.7372817008352316,0.8428819444444444
0.7372817008352316,0.843614248479583
0.7372817008352316,0.8443478260869566
0.7372817008352316,0.845082680591819
0.7365223993925588,0.8449477351916377
0.7357630979498861,0.8448125544899738
0.7357630979498861,0.8455497382198953
0.7350037965072134,0.845414847161572
0.7350037965072134,0.8461538461538461
0.7350037965072134,0.8468941382327209
0.7342444950645406,0.8467600700525394
0.7334851936218679,0.8466257668711656
0.7334851936218679,0.8473684210526315
0.7327258921791951,0.8472344161545216
0.7319665907365224,0.8471001757469244
0.7312072892938497,0.8469656992084432
0.7312072892938497,0.8477112676056338
0.7304479878511769,0.8475770925110132
0.7296886864085042,0.8474426807760141
0.7296886864085042,0.8481906443071492
0.7289293849658315,0.8480565371024735
0.7281700835231587,0.847922192749779
0.7274107820804859,0.8477876106194691
0.7274107820804859,0.8485385296722764
0.7274107820804859,0.849290780141844
0.7266514806378133,0.8491570541259982
0.7258921791951405,0.8490230905861457
0.7251328777524677,0.8488888888888889
0.724373576309795,0.8487544483985765
0.724373576309795,0.8495102404274265
0.7236142748671223,0.8493761140819964
0.7236142748671223,0.8501338090990187
0.7228549734244495,0.85
0.7220956719817767,0.8498659517426274
0.7220956719817767,0.8506261180679785
0.721336370539104,0.8504923903312444
0.7205770690964313,0.850358422939068
0.7198177676537585,0.8502242152466367
0.7190584662110858,0.8500897666068222
0.7190584662110858,0.8508535489667565
0.718299164768413,0.8507194244604317
0.7175398633257403,0.8505850585058505
0.7175398633257403,0.8513513513513513
0.7175398633257403,0.8521190261496844
0.7167805618830676,0.851985559566787
0.7160212604403948,0.8518518518518519
0.715261958997722,0.8517179023508138
0.715261958997722,0.8524886877828054
0.7145026575550494,0.8523550724637681
0.7145026575550494,0.8531278331822303
0.7145026575550494,0.8539019963702359
0.7137433561123766,0.8537693006357856
0.7137433561123766,0.8545454545454545
0.7137433561123766,0.8553230209281165
0.7129840546697038,0.855191256830601
0.7122247532270312,0.8550592525068368
0.7122247532270312,0.8558394160583942
0.7122247532270312,0.85662100456621
0.7114654517843584,0.856489945155393
0.7114654517843584,0.8572735590118938
0.7107061503416856,0.8571428571428571
0.7099468488990129,0.8570119156736938
0.7091875474563402,0.8568807339449541
0.7084282460136674,0.8567493112947658
0.7084282460136674,0.8575367647058824
0.7084282460136674,0.858325666973321
0.7084282460136674,0.8591160220994475
0.7076689445709947,0.8589861751152074
0.7069096431283219,0.8588560885608856
0.7061503416856492,0.8587257617728532
0.7053910402429765,0.8585951940850277
0.7053910402429765,0.8593894542090657
0.7053910402429765,0.8601851851851852
0.7053910402429765,0.860982391102873
0.7053910402429765,0.8617810760667903
0.7046317388003037,0.861652739090065
0.7046317388003037,0.862453531598513
0.7038724373576309,0.8623255813953489
0.7038724373576309,0.8631284916201117
0.7031131359149583,0.8630009319664492
0.7031131359149583,0.8638059701492538
0.7031131359149583,0.8646125116713352
0.7031131359149583,0.8654205607476636
0.7023538344722855,0.8652946679139383
0.7015945330296127,0.8651685393258427
0.7015945330296127,0.865979381443299
0.70083523158694,0.8658536585365854
0.7000759301442673,0.8657276995305164
0.7000759301442673,0.8665413533834586
0.6993166287015945,0.8664158043273753
0.6985573272589218,0.8662900188323918
0.6977980258162491,0.8661639962299718
0.6970387243735763,0.8660377358490566
0.6962794229309036,0.8659112370160529
0.6955201214882308,0.8657844990548205
0.6955201214882308,0.8666035950804163
0.6947608200455581,0.8664772727272727
0.6940015186028854,0.8663507109004739
0.6940015186028854,0.8671726755218216
0.6932422171602126,0.8670465337132004
0.6932422171602126,0.8678707224334601
0.6924829157175398,0.8677450047573739
0.6924829157175398,0.8685714285714285
0.6917236142748672,0.8684461391801716
0.6917236142748672,0.8692748091603053
0.6917236142748672,0.8701050620821394
0.6909643128321944,0.869980879541109
0.6902050113895216,0.8698564593301435
0.689445709946849,0.8697318007662835
0.6886864085041762,0.8696069031639502
0.6879271070615034,0.8694817658349329
0.6871678056188307,0.8693563880883766
0.6871678056188307,0.8701923076923077
0.686408504176158,0.8700673724735323
0.6856492027334852,0.869942196531792
0.6848899012908124,0.8698167791706847
0.6841305998481397,0.8696911196911197
0.683371298405467,0.8695652173913043
0.683371298405467,0.8704061895551257
0.6826119969627942,0.8702807357212003
0.6818526955201215,0.8701550387596899
0.6810933940774487,0.8700290979631425
0.680334092634776,0.8699029126213592
0.6795747911921033,0.86977648202138
0.6795747911921033,0.8706225680933852
0.6795747911921033,0.8714703018500487
0.6795747911921033,0.8723196881091618
0.6788154897494305,0.8721951219512195
0.6788154897494305,0.873046875
0.6780561883067577,0.8729227761485826
0.6772968868640851,0.87279843444227
0.6765375854214123,0.8726738491674828
0.6757782839787395,0.8725490196078431
0.6757782839787395,0.873405299313052
0.6750189825360668,0.8732809430255403
0.6750189825360668,0.8741396263520157
0.6750189825360668,0.875
0.6750189825360668,0.8758620689655172
0.6742596810933941,0.8757396449704142
0.6742596810933941,0.876604146100691
0.6735003796507213,0.8764822134387352
0.6735003796507213,0.8773491592482691
0.6735003796507213,0.8782178217821782
0.6727410782080486,0.8780971258671952
0.6719817767653758,0.8779761904761905
0.6712224753227031,0.8778550148957299
0.6712224753227031,0.878727634194831
0.6704631738800304,0.8786069651741294
0.6697038724373576,0.8784860557768924
0.6689445709946849,0.8783649052841476
0.6681852695520122,0.8782435129740519
0.6681852695520122,0.8791208791208791
0.6674259681093394,0.879
0.6666666666666666,0.8788788788788788
0.665907365223994,0.8787575150300602
0.665907365223994,0.8796389167502507
0.665907365223994,0.8805220883534136
0.665907365223994,0.8814070351758794
0.665907365223994,0.8822937625754527
0.665907365223994,0.8831822759315207
0.665907365223994,0.8840725806451613
0.6651480637813212,0.8839556004036327
0.6651480637813212,0.8848484848484849
0.6651480637813212,0.8857431749241659
0.6651480637813212,0.8866396761133604
0.6651480637813212,0.8875379939209727
0.6651480637813212,0.8884381338742393
0.6643887623386484,0.8883248730964467
0.6643887623386484,0.8892276422764228
0.6643887623386484,0.8901322482197355
0.6636294608959757,0.890020366598778
0.662870159453303,0.8899082568807339
0.6621108580106302,0.889795918367347
0.6621108580106302,0.8907048008171604
0.6613515565679575,0.8905930470347648
0.6605922551252847,0.8904810644831116
0.659832953682612,0.8903688524590164
0.6590736522399393,0.8902564102564102
0.6590736522399393,0.891170431211499
0.6583143507972665,0.8910585817060637
0.6583143507972665,0.8919753086419753
0.6575550493545937,0.8918640576725025
0.6567957479119211,0.8917525773195877
0.6567957479119211,0.8926728586171311
0.6560364464692483,0.8925619834710744
0.6552771450265755,0.8924508790072389
0.6545178435839029,0.8923395445134575
0.6545178435839029,0.8932642487046633
0.6545178435839029,0.8941908713692946
0.6537585421412301,0.8940809968847352
0.6537585421412301,0.895010395010395
0.6529992406985573,0.894901144640999
0.6522399392558846,0.8947916666666667
0.6514806378132119,0.894681960375391
0.6514806378132119,0.8956158663883089
0.6507213363705391,0.8955067920585162
0.6499620349278664,0.895397489539749
0.6492027334851936,0.8952879581151832
0.6484434320425209,0.8951781970649895
0.6476841305998481,0.8950682056663168
0.6469248291571754,0.8949579831932774
0.6461655277145026,0.8948475289169295
0.6461655277145026,0.8957894736842106
0.6461655277145026,0.8967334035827187
0.6454062262718299,0.8966244725738397
0.6446469248291572,0.8965153115100317
0.6446469248291572,0.8974630021141649
0.6438876233864844,0.8973544973544973
0.6431283219438116,0.8972457627118644
0.6431283219438116,0.8981972428419936
0.642369020501139,0.8980891719745223
0.642369020501139,0.8990435706695006
0.642369020501139,0.9
0.642369020501139,0.9009584664536742
0.6416097190584662,0.9008528784648188
0.6416097190584662,0.9018143009605123
0.6408504176157934,0.9017094017094017
0.6400911161731208,0.9016042780748663
0.639331814730448,0.9014989293361885
0.6385725132877752,0.9013933547695605
0.6378132118451025,0.9012875536480687
0.6370539104024298,0.9011815252416756
0.6370539104024298,0.9021505376344086
0.636294608959757,0.9020452099031216
0.636294608959757,0.9030172413793104
0.636294608959757,0.9039913700107874
0.6355353075170843,0.9038876889848813
0.6347760060744115,0.9037837837837838
0.6347760060744115,0.9047619047619048
0.6347760060744115,0.905742145178765
0.6340167046317388,0.9056399132321041
0.6332574031890661,0.9055374592833876
0.6332574031890661,0.9065217391304348
0.6324981017463933,0.9064200217627857
0.6317388003037205,0.906318082788671
0.6309794988610479,0.906215921483097
0.6309794988610479,0.9072052401746725
0.6309794988610479,0.9081967213114754
0.6309794988610479,0.9091903719912473
0.6302201974183751,0.9090909090909091
0.6302201974183751,0.9100877192982456
0.6294608959757023,0.9099890230515917
0.6287015945330297,0.9098901098901099
0.6287015945330297,0.9108910891089109
0.6287015945330297,0.9118942731277533
0.6279422930903569,0.9117971334068358
0.6279422930903569,0.91280353200883
0.6271829916476841,0.912707182320442
0.6271829916476841,0.9137168141592921
0.6271829916476841,0.9147286821705426
0.6264236902050114,0.9146341463414634
0.6256643887623387,0.9145394006659268
0.6249050873196659,0.9144444444444444
0.6241457858769932,0.914349276974416
0.6233864844343204,0.9142538975501113
0.6233864844343204,0.915273132664437
0.6226271829916477,0.9151785714285714
0.621867881548975,0.9150837988826815
0.6211085801063022,0.9149888143176734
0.6203492786636294,0.9148936170212766
0.6195899772209568,0.9147982062780269
0.618830675778284,0.9147025813692481
0.618830675778284,0.9157303370786517
0.6180713743356112,0.9156355455568054
0.6180713743356112,0.9166666666666666
0.6180713743356112,0.9177001127395716
0.6173120728929385,0.917607223476298
0.6165527714502658,0.9175141242937853
0.615793470007593,0.917420814479638
0.6150341685649203,0.9173272933182333
0.6142748671222475,0.9172335600907029
0.6135155656795748,0.9171396140749148
0.6127562642369021,0.9170454545454545
0.6127562642369021,0.9180887372013652
0.6127562642369021,0.9191343963553531
0.6119969627942293,0.9190421892816419
0.6119969627942293,0.9200913242009132
0.6112376613515565,0.92
0.6112376613515565,0.9210526315789473
0.6112376613515565,0.9221076746849943
0.6104783599088838,0.9220183486238532
0.6104783599088838,0.9230769230769231
0.6104783599088838,0.9241379310344827
0.6097190584662111,0.9240506329113924
0.6089597570235383,0.923963133640553
0.6082004555808656,0.9238754325259516
0.6074411541381929,0.9237875288683602
0.6066818526955201,0.923699421965318
0.6059225512528473,0.9236111111111112
0.6059225512528473,0.9246813441483198
0.6059225512528473,0.925754060324826
0.6051632498101747,0.9256678281068524
0.6044039483675019,0.9255813953488372
0.6036446469248291,0.9254947613504074
0.6028853454821564,0.9254079254079254
0.6028853454821564,0.926487747957993
0.6028853454821564,0.927570093457944
0.6021260440394837,0.927485380116959
0.6021260440394837,0.9285714285714286
0.6021260440394837,0.9296600234466589
0.6021260440394837,0.9307511737089202
0.6013667425968109,0.9306698002350177
0.6013667425968109,0.9317647058823529
0.6006074411541382,0.9316843345111896
0.5998481397114654,0.9316037735849056
0.5998481397114654,0.9327036599763873
0.5998481397114654,0.933806146572104
0.5990888382687927,0.9337278106508876
0.5990888382687927,0.9348341232227488
0.5990888382687927,0.9359430604982206
0.59832953682612,0.9358669833729216
0.5975702353834472,0.9357907253269917
0.5968109339407744,0.9357142857142857
0.5968109339407744,0.9368295589988082
0.5960516324981018,0.9367541766109785
0.595292331055429,0.9366786140979689
0.5945330296127562,0.9366028708133971
0.5937737281700836,0.9365269461077844
0.5930144267274108,0.9364508393285371
0.592255125284738,0.936374549819928
0.5914958238420653,0.9362980769230769
0.5907365223993926,0.9362214199759326
0.5899772209567198,0.936144578313253
0.5892179195140471,0.9360675512665863
0.5892179195140471,0.9371980676328503
0.5884586180713743,0.9371221281741233
0.5876993166287016,0.937046004842615
0.5869400151860289,0.936969696969697
0.5861807137433561,0.9368932038834952
0.5854214123006833,0.93681652490887
0.5846621108580107,0.9367396593673966
0.5839028094153379,0.9366626065773447
0.5831435079726651,0.9365853658536586
0.5823842065299925,0.9365079365079365
0.5816249050873197,0.9364303178484108
0.5808656036446469,0.9363525091799265
0.5808656036446469,0.9375
0.5801063022019742,0.9374233128834356
0.5793470007593015,0.9373464373464373
0.5785876993166287,0.9372693726937269
0.577828397873956,0.937192118226601
0.5770690964312832,0.93711467324291
0.5763097949886105,0.937037037037037
0.5763097949886105,0.9381953028430161
0.5763097949886105,0.9393564356435643
0.5755504935459378,0.9392812887236679
0.5755504935459378,0.9404466501240695
0.574791192103265,0.9403726708074535
0.5740318906605922,0.9402985074626866
0.5732725892179195,0.9402241594022416
0.5732725892179195,0.9413965087281796
0.5732725892179195,0.9425717852684145
0.5725132877752468,0.9425
0.571753986332574,0.9424280350438048
0.5709946848899012,0.9423558897243107
0.5702353834472286,0.9422835633626098
0.5694760820045558,0.9422110552763819
0.568716780561883,0.9421383647798742
0.5679574791192104,0.9420654911838791
0.5671981776765376,0.9419924337957125
0.5664388762338648,0.9419191919191919
0.5656795747911921,0.9418457648546145
0.5649202733485194,0.9417721518987342
0.5641609719058466,0.9416983523447402
0.5634016704631739,0.9416243654822335
0.5626423690205011,0.9415501905972046
0.5618830675778284,0.9414758269720102
0.5618830675778284,0.9426751592356688
0.5618830675778284,0.9438775510204082
0.5611237661351557,0.9438058748403576
0.5603644646924829,0.9437340153452686
0.5596051632498101,0.9436619718309859
0.5588458618071375,0.9435897435897436
0.5580865603644647,0.9435173299101413
0.5573272589217919,0.9434447300771208
0.5565679574791192,0.9433719433719434
0.5565679574791192,0.9445876288659794
0.5558086560364465,0.944516129032258
0.5550493545937737,0.9444444444444444
0.554290053151101,0.944372574385511
0.554290053151101,0.9455958549222798
0.5535307517084282,0.9455252918287937
0.5527714502657555,0.9454545454545454
0.5527714502657555,0.9466840052015605
0.5520121488230828,0.9466145833333334
0.55125284738041,0.9465449804432855
0.5504935459377372,0.9464751958224543
0.5497342444950646,0.9464052287581699
0.5489749430523918,0.9463350785340314
0.548215641609719,0.9462647444298821
0.5474563401670464,0.9461942257217848
0.5466970387243736,0.9461235216819974
0.5466970387243736,0.9473684210526315
0.5459377372817008,0.9472990777338604
0.5459377372817008,0.9485488126649076
0.5451784358390281,0.9484808454425363
0.5444191343963554,0.9484126984126984
0.5436598329536826,0.9483443708609272
0.5429005315110099,0.9482758620689655
0.5421412300683371,0.9482071713147411
0.5413819286256644,0.9481382978723404
0.5406226271829917,0.948069241011984
0.5398633257403189,0.948
0.5391040242976461,0.9479305740987984
0.5383447228549735,0.9478609625668449
0.5375854214123007,0.9477911646586346
0.5368261199696279,0.9477211796246648
0.5360668185269551,0.9476510067114094
0.5353075170842825,0.9475806451612904
0.5345482156416097,0.9475100942126514
0.5337889141989369,0.9474393530997305
0.5337889141989369,0.9487179487179487
0.5330296127562643,0.9486486486486486
0.5322703113135915,0.9485791610284168
0.5315110098709187,0.948509485094851
0.530751708428246,0.9484396200814111
0.5299924069855733,0.9483695652173914
0.5292331055429005,0.9482993197278912
0.5284738041002278,0.9482288828337875
0.527714502657555,0.9481582537517054
0.5269552012148823,0.9480874316939891
0.5261958997722096,0.948016415868673
0.5254365983295368,0.947945205479452
0.524677296886864,0.9478737997256516
0.5239179954441914,0.9478021978021978
0.5231586940015186,0.9477303988995873
0.5223993925588458,0.9476584022038568
0.5216400911161732,0.9475862068965517
0.5208807896735004,0.9475138121546961
0.5208807896735004,0.9488243430152143
0.5208807896735004,0.9501385041551247
0.5201214882308276,0.9500693481276006
0.5201214882308276,0.9513888888888888
0.5193621867881549,0.9513212795549374
0.5193621867881549,0.9526462395543176
0.5186028853454822,0.9525801952580195
0.5178435839028094,0.952513966480447
0.5178435839028094,0.9538461538461539
0.5170842824601367,0.9537815126050421
0.5170842824601367,0.9551192145862553
0.5163249810174639,0.9550561797752809
0.5155656795747912,0.9549929676511955
0.5148063781321185,0.9549295774647887
0.5140470766894457,0.9548660084626234
0.5132877752467729,0.9548022598870056
0.5125284738041003,0.9547383309759547
0.5117691723614275,0.9546742209631728
0.5117691723614275,0.9560283687943263
0.5110098709187547,0.9559659090909091
0.510250569476082,0.9559032716927454
0.5094912680334093,0.9558404558404558
0.5087319665907365,0.9557774607703281
0.5079726651480638,0.9557142857142857
0.5079726651480638,0.9570815450643777
0.507213363705391,0.9570200573065902
0.5064540622627183,0.9569583931133429
0.5056947608200456,0.9568965517241379
0.5049354593773728,0.9568345323741008
0.5041761579347,0.9567723342939481
0.5034168564920274,0.9567099567099567
0.5026575550493546,0.9566473988439307
0.5018982536066818,0.9565846599131693
0.5011389521640092,0.9565217391304348
0.5003796507213364,0.9564586357039188
0.4996203492786636,0.9563953488372093
0.4988610478359909,0.9563318777292577
0.49810174639331817,0.956268221574344
0.4973424449506454,0.9562043795620438
0.49658314350797267,0.956140350877193
0.49582384206529995,0.9560761346998536
0.49506454062262717,0.9560117302052786
0.49430523917995445,0.9559471365638766
0.4935459377372817,0.9558823529411765
0.49278663629460895,0.9558173784977909
0.4920273348519362,0.9557522123893806
0.4912680334092635,0.9556868537666174
0.4905087319665907,0.9556213017751479
0.489749430523918,0.9555555555555556
0.48899012908124523,0.9554896142433235
0.4882308276385725,0.9554234769687965
0.4874715261958998,0.9553571428571429
0.486712224753227,0.9552906110283159
0.486712224753227,0.9567164179104478
0.4859529233105543,0.9566517189835575
0.48519362186788156,0.9565868263473054
0.4844343204252088,0.9565217391304348
0.48367501898253606,0.9564564564564565
0.48291571753986334,0.956390977443609
0.48215641609719057,0.9563253012048193
0.48139711465451784,0.9562594268476622
0.4806378132118451,0.9561933534743202
0.47987851176917234,0.9561270801815431
0.47987851176917234,0.9575757575757575
0.4791192103264996,0.9575113808801214
0.4783599088838269,0.9574468085106383
0.4776006074411541,0.9573820395738204
0.4768413059984814,0.9573170731707317
0.4760820045558087,0.9572519083969465
0.4753227031131359,0.9571865443425076
0.4745634016704632,0.9571209800918836
0.4745634016704632,0.9585889570552147
0.4745634016704632,0.9600614439324117
0.47380410022779046,0.96
0.4730447987851177,0.9599383667180277
0.47228549734244496,0.9598765432098766
0.4715261958997722,0.9598145285935085
0.47076689445709946,0.9597523219814241
0.47000759301442674,0.9596899224806201
0.46924829157175396,0.9596273291925466
0.46924829157175396,0.9611197511664075
0.46848899012908124,0.9610591900311527
0.4677296886864085,0.9609984399375975
0.46697038724373574,0.9609375
0.466211085801063,0.9608763693270735
0.4654517843583903,0.9608150470219435
0.4646924829157175,0.9607535321821036
0.4639331814730448,0.960691823899371
0.4631738800303721,0.9606299212598425
0.4624145785876993,0.9605678233438486
0.4616552771450266,0.9605055292259084
0.46089597570235386,0.9604430379746836
0.4601366742596811,0.9603803486529319
0.4601366742596811,0.9619047619047619
0.45937737281700836,0.9618441971383148
0.45861807137433563,0.9617834394904459
0.45785876993166286,0.9617224880382775
0.45709946848899013,0.9616613418530351
0.4563401670463174,0.9616
0.45558086560364464,0.9615384615384616
0.4548215641609719,0.9614767255216693
0.4540622627182992,0.9614147909967846
0.4533029612756264,0.961352657004831
0.4525436598329537,0.9612903225806452
0.4517843583902809,0.9612277867528272
0.4510250569476082,0.9611650485436893
0.45026575550493547,0.9611021069692058
0.4495064540622627,0.961038961038961
0.44874715261959,0.9609756097560975
0.44798785117691725,0.9609120521172638
0.4472285497342445,0.9608482871125612
0.44646924829157175,0.9607843137254902
0.44570994684889903,0.9607201309328969
0.44495064540622625,0.9606557377049181
0.44419134396355353,0.9605911330049262
0.44419134396355353,0.962171052631579
0.4434320425208808,0.9621087314662273
0.44267274107820803,0.9620462046204621
0.4419134396355353,0.9619834710743802
0.4411541381928626,0.9619205298013245
0.4403948367501898,0.9618573797678275
0.4396355353075171,0.9617940199335548
0.4396355353075171,0.9633943427620633
0.43887623386484437,0.9633333333333334
0.4381169324221716,0.9632721202003339
0.43735763097949887,0.9632107023411371
0.43659832953682615,0.9631490787269682
0.43583902809415337,0.9630872483221476
0.43507972665148065,0.9630252100840336
0.43507972665148065,0.9646464646464646
0.43432042520880787,0.9645868465430016
0.43356112376613515,0.964527027027027
0.4328018223234624,0.9644670050761421
0.4328018223234624,0.9661016949152542
0.43204252088078965,0.966044142614601
0.4312832194381169,0.9659863945578231
0.4305239179954442,0.9659284497444633
0.42976461655277143,0.9658703071672355
0.42976461655277143,0.9675213675213675
0.4290053151100987,0.9674657534246576
0.428246013667426,0.967409948542024
0.4274867122247532,0.9673539518900344
0.4267274107820805,0.9672977624784854
0.42596810933940776,0.9672413793103448
0.425208807896735,0.9671848013816926
0.42444950645406226,0.967128027681661
0.42369020501138954,0.9670710571923743
0.42293090356871677,0.9670138888888888
0.42217160212604404,0.9669565217391304
0.42217160212604404,0.9686411149825784
0.4214123006833713,0.9685863874345549
0.42065299924069854,0.9685314685314685
0.42065299924069854,0.9702276707530648
0.4198936977980258,0.9701754385964912
0.4191343963553531,0.9701230228471002
0.4183750949126803,0.9700704225352113
0.4176157934700076,0.9700176366843033
0.4168564920273349,0.9699646643109541
0.4160971905846621,0.9699115044247788
0.4153378891419894,0.9698581560283688
0.4145785876993166,0.9698046181172292
0.4138192862566439,0.9697508896797153
0.41305998481397116,0.9696969696969697
0.4123006833712984,0.9696428571428571
0.41154138192862566,0.9695885509838998
0.41078208048595294,0.9695340501792115
0.41002277904328016,0.9694793536804309
0.40926347760060744,0.9694244604316546
0.4085041761579347,0.9693693693693693
0.40774487471526194,0.9693140794223827
0.4069855732725892,0.969258589511754
0.4062262718299165,0.9692028985507246
0.4054669703872437,0.969147005444646
0.404707668944571,0.9690909090909091
0.4039483675018983,0.9690346083788707
0.4031890660592255,0.968978102189781
0.4024297646165528,0.9689213893967094
0.40167046317388005,0.9688644688644689
0.4009111617312073,0.9688073394495413
0.40015186028853456,0.96875
0.39939255884586183,0.9686924493554327
0.39863325740318906,0.9686346863468634
0.39787395596051633,0.9685767097966729
0.39711465451784356,0.9685185185185186
0.39635535307517084,0.9684601113172542
0.3955960516324981,0.9684014869888475
0.39483675018982534,0.9683426443202979
0.3940774487471526,0.9682835820895522
0.3933181473044799,0.9682242990654205
0.3925588458618071,0.9681647940074907
0.3917995444191344,0.9681050656660413
0.39104024297646167,0.9680451127819549
0.3902809415337889,0.967984934086629
0.3895216400911162,0.9679245283018868
0.3895216400911162,0.9697542533081286
0.38876233864844345,0.9696969696969697
0.38876233864844345,0.9715370018975332
0.3880030372057707,0.9714828897338403
0.38724373576309795,0.9714285714285714
0.38648443432042523,0.9713740458015268
0.38572513287775245,0.97131931166348
0.38496583143507973,0.9712643678160919
0.384206529992407,0.9712092130518234
0.38344722854973423,0.9711538461538461
0.3826879271070615,0.9710982658959537
0.3819286256643888,0.971042471042471
0.381169324221716,0.9709864603481625
0.3804100227790433,0.9709302325581395
0.37965072133637057,0.970873786407767
0.3788914198936978,0.9708171206225681
0.37813211845102507,0.9707602339181286
0.3773728170083523,0.970703125
0.37661351556567957,0.9706457925636007
0.37661351556567957,0.9725490196078431
0.37585421412300685,0.9724950884086444
0.37509491268033407,0.9724409448818898
0.37433561123766135,0.9723865877712031
0.3735763097949886,0.9723320158102767
0.3735763097949886,0.9742574257425742
0.37281700835231585,0.9742063492063492
0.3720577069096431,0.974155069582505
0.3712984054669704,0.9741035856573705
0.3705391040242976,0.9740518962075848
0.3697798025816249,0.974
0.3690205011389522,0.9739478957915831
0.3682611996962794,0.9738955823293173
0.3675018982536067,0.9738430583501007
0.36674259681093396,0.9737903225806451
0.3659832953682612,0.9737373737373738
0.36522399392558846,0.9736842105263158
0.36446469248291574,0.973630831643002
0.36370539104024296,0.9735772357723578
0.36370539104024296,0.9755600814663951
0.36294608959757024,0.9755102040816327
0.3621867881548975,0.9754601226993865
0.36142748671222474,0.9754098360655737
0.360668185269552,0.9753593429158111
0.35990888382687924,0.9753086419753086
0.3591495823842065,0.9752577319587629
0.3583902809415338,0.9752066115702479
0.357630979498861,0.9751552795031055
0.3568716780561883,0.975103734439834
0.3561123766135156,0.975051975051975
0.3553530751708428,0.975
0.3545937737281701,0.9749478079331941
0.35383447228549736,0.9748953974895398
0.3530751708428246,0.9748427672955975
0.35231586940015186,0.9747899159663865
0.35155656795747914,0.9747368421052631
0.35079726651480636,0.9746835443037974
0.35003796507213364,0.9746300211416491
0.3492786636294609,0.9745762711864406
0.34851936218678814,0.9745222929936306
0.3477600607441154,0.9744680851063829
0.3470007593014427,0.9744136460554371
0.3462414578587699,0.9743589743589743
0.3454821564160972,0.974304068522484
0.3447228549734245,0.9742489270386266
0.3439635535307517,0.9741935483870968
0.343204252088079,0.9741379310344828
0.343204252088079,0.9762419006479481
0.3424449506454062,0.9761904761904762
0.3416856492027335,0.9761388286334056
0.34092634776006076,0.9760869565217392
0.340167046317388,0.9760348583877996
0.33940774487471526,0.9759825327510917
0.33864844343204253,0.975929978118162
0.33788914198936976,0.9758771929824561
0.33712984054669703,0.9758241758241758
0.3363705391040243,0.9757709251101322
0.33561123766135154,0.9757174392935982
0.3348519362186788,0.9756637168141593
0.3340926347760061,0.975609756097561
0.3333333333333333,0.9755555555555555
0.3325740318906606,0.9755011135857461
0.33181473044798787,0.9754464285714286
0.3310554290053151,0.9753914988814317
0.33029612756264237,0.9753363228699552
0.32953682611996965,0.9752808988764045
0.3287775246772969,0.9752252252252253
0.32801822323462415,0.9751693002257337
0.32725892179195143,0.9751131221719457
0.32649962034927865,0.9750566893424036
0.32574031890660593,0.975
0.3249810174639332,0.9749430523917996
0.32422171602126043,0.9748858447488584
0.3234624145785877,0.9748283752860412
0.32270311313591493,0.9747706422018348
0.3219438116932422,0.9747126436781609
0.3211845102505695,0.9746543778801844
0.3204252088078967,0.9745958429561201
0.319665907365224,0.9745370370370371
0.31890660592255127,0.974477958236659
0.3181473044798785,0.9744186046511628
0.31738800303720577,0.9743589743589743
0.31662870159453305,0.9742990654205608
0.31586940015186027,0.9742388758782201
0.31511009870918755,0.9741784037558685
0.3143507972665148,0.9741176470588235
0.31359149582384205,0.9740566037735849
0.3128321943811693,0.9739952718676123
0.3120728929384966,0.9739336492890995
0.3113135914958238,0.9738717339667459
0.3105542900531511,0.9738095238095238
0.3097949886104784,0.9737470167064439
0.3090356871678056,0.9736842105263158
0.3082763857251329,0.973621103117506
0.30751708428246016,0.9735576923076923
0.3067577828397874,0.9734939759036144
0.30599848139711466,0.9734299516908212
0.3052391799544419,0.9733656174334141
0.3052391799544419,0.9757281553398058
0.30447987851176916,0.975669099756691
0.30372057706909644,0.975609756097561
0.30296127562642367,0.9755501222493888
0.30220197418375094,0.9754901960784313
0.3014426727410782,0.9754299754299754
0.30068337129840544,0.9753694581280788
0.2999240698557327,0.9753086419753086
0.29916476841306,0.9752475247524752
0.2984054669703872,0.9751861042183623
0.2976461655277145,0.9751243781094527
0.2968868640850418,0.9750623441396509
0.296127562642369,0.975
0.2953682611996963,0.974937343358396
0.29460895975702356,0.9748743718592965
0.2938496583143508,0.9748110831234257
0.29309035687167806,0.9747474747474747
0.29233105542900534,0.9746835443037974
0.29157175398633256,0.9746192893401016
0.29081245254365984,0.9745547073791349
0.2900531511009871,0.9744897959183674
0.28929384965831434,0.9744245524296675
0.2885345482156416,0.9743589743589743
0.2877752467729689,0.974293059125964
0.2870159453302961,0.9742268041237113
0.2862566438876234,0.9741602067183462
0.2854973424449506,0.9740932642487047
0.2847380410022779,0.974025974025974
0.2839787395596052,0.9739583333333334
0.2832194381169324,0.9738903394255874
0.2824601366742597,0.9738219895287958
0.28170083523158695,0.973753280839895
0.2809415337889142,0.9736842105263158
0.28018223234624146,0.9736147757255936
0.27942293090356873,0.9735449735449735
0.27866362946089596,0.9734748010610079
0.27790432801822323,0.973404255319149
0.2771450265755505,0.9733333333333334
0.27638572513287774,0.9732620320855615
0.275626423690205,0.9731903485254692
0.2748671222475323,0.9731182795698925
0.2741078208048595,0.9730458221024259
0.2733485193621868,0.972972972972973
0.27258921791951407,0.9728997289972899
0.2718299164768413,0.9728260869565217
0.27107061503416857,0.9727520435967303
0.27031131359149585,0.9726775956284153
0.2695520121488231,0.9726027397260274
0.26879271070615035,0.9725274725274725
0.2680334092634776,0.9724517906336089
0.26727410782080485,0.9723756906077348
0.26651480637813213,0.9722991689750693
0.26575550493545935,0.9722222222222222
0.26499620349278663,0.9721448467966574
0.2642369020501139,0.9720670391061452
0.26347760060744113,0.9719887955182073
0.2627182991647684,0.9719101123595506
0.2619589977220957,0.971830985915493
0.2611996962794229,0.9717514124293786
0.2611996962794229,0.9745042492917847
0.2604403948367502,0.9744318181818182
0.25968109339407747,0.9743589743589743
0.2589217919514047,0.9742857142857143
0.25816249050873197,0.9742120343839542
0.25816249050873197,0.9770114942528736
0.25740318906605925,0.9769452449567724
0.25664388762338647,0.976878612716763
0.25588458618071375,0.9768115942028985
0.255125284738041,0.9767441860465116
0.25436598329536825,0.9766763848396501
0.2536066818526955,0.9766081871345029
0.2528473804100228,0.9765395894428153
0.25208807896735,0.9764705882352941
0.2513287775246773,0.976401179941003
0.2505694760820046,0.9763313609467456
0.2505694760820046,0.9792284866468842
0.2498101746393318,0.9791666666666666
0.24905087319665908,0.9791044776119403
0.24829157175398633,0.9790419161676647
0.24753227031131358,0.978978978978979
0.24677296886864086,0.9789156626506024
0.2460136674259681,0.9788519637462235
0.24525436598329536,0.9787878787878788
0.24449506454062261,0.9787234042553191
0.2437357630979499,0.9786585365853658
0.24297646165527714,0.9785932721712538
0.2422171602126044,0.9785276073619632
0.24145785876993167,0.9784615384615385
0.24069855732725892,0.9783950617283951
0.23993925588458617,0.978328173374613
0.23917995444191345,0.9782608695652174
0.2384206529992407,0.9781931464174455
0.23766135155656795,0.978125
0.23690205011389523,0.9780564263322884
0.23614274867122248,0.9779874213836478
0.23538344722854973,0.9779179810725552
0.23462414578587698,0.9778481012658228
0.23386484434320426,0.9777777777777777
0.2331055429005315,0.9777070063694268
0.23234624145785876,0.9776357827476039
0.23158694001518604,0.9775641025641025
0.2308276385725133,0.977491961414791
0.23006833712984054,0.9774193548387097
0.22930903568716782,0.9773462783171522
0.22854973424449507,0.9772727272727273
0.22779043280182232,0.9771986970684039
0.2270311313591496,0.9771241830065359
0.22627182991647685,0.9770491803278688
0.2255125284738041,0.9769736842105263
0.22475322703113135,0.976897689768977
0.22399392558845863,0.9768211920529801
0.22323462414578588,0.9767441860465116
0.22247532270311313,0.9766666666666667
0.2217160212604404,0.9765886287625418
0.22095671981776766,0.9765100671140939
0.2201974183750949,0.9764309764309764
0.21943811693242218,0.9763513513513513
0.21867881548974943,0.976271186440678
0.21791951404707668,0.9761904761904762
0.21791951404707668,0.9795221843003413
0.21716021260440393,0.9794520547945206
0.2164009111617312,0.979381443298969
0.21564160971905846,0.9793103448275862
0.21488230827638571,0.9792387543252595
0.214123006833713,0.9791666666666666
0.21336370539104024,0.9790940766550522
0.2126044039483675,0.9790209790209791
0.21184510250569477,0.9789473684210527
0.21108580106302202,0.9788732394366197
0.21032649962034927,0.9787985865724381
0.20956719817767655,0.9787234042553191
0.20956719817767655,0.9822064056939501
0.2088078967350038,0.9821428571428571
0.20804859529233105,0.982078853046595
0.2072892938496583,0.9820143884892086
0.20652999240698558,0.9819494584837545
0.20577069096431283,0.9818840579710145
0.20501138952164008,0.9818181818181818
0.20425208807896736,0.9817518248175182
0.2034927866362946,0.9816849816849816
0.20273348519362186,0.9816176470588235
0.20197418375094914,0.981549815498155
0.2012148823082764,0.9814814814814815
0.20045558086560364,0.9814126394052045
0.19969627942293092,0.9813432835820896
0.19893697798025817,0.9812734082397003
0.19817767653758542,0.981203007518797
0.19741837509491267,0.9811320754716981
0.19665907365223995,0.9810606060606061
0.19665907365223995,0.9847908745247148
0.1958997722095672,0.9847328244274809
0.19514047076689445,0.9846743295019157
0.19438116932422173,0.9846153846153847
0.19362186788154898,0.9845559845559846
0.19286256643887623,0.9844961240310077
0.1921032649962035,0.9844357976653697
0.19134396355353075,0.984375
0.190584662110858,0.984313725490196
0.18982536066818528,0.984251968503937
0.18906605922551253,0.9841897233201581
0.18830675778283978,0.9841269841269841
0.18754745634016703,0.9840637450199203
0.1867881548974943,0.984
0.18602885345482156,0.9839357429718876
0.1852695520121488,0.9838709677419355
0.1845102505694761,0.9838056680161943
0.18375094912680334,0.983739837398374
0.1829916476841306,0.9836734693877551
0.18223234624145787,0.9836065573770492
0.18147304479878512,0.9835390946502057
0.18071374335611237,0.9834710743801653
0.17995444191343962,0.983402489626556
0.1791951404707669,0.9833333333333333
0.17843583902809415,0.9832635983263598
0.1776765375854214,0.9831932773109243
0.17691723614274868,0.9831223628691983
0.17615793470007593,0.9830508474576272
0.17539863325740318,0.9829787234042553
0.17463933181473046,0.9829059829059829
0.1738800303720577,0.9828326180257511
0.1738800303720577,0.9870689655172413
0.17312072892938496,0.987012987012987
0.17236142748671224,0.9869565217391304
0.1716021260440395,0.9868995633187773
0.17084282460136674,0.9868421052631579
0.170083523158694,0.986784140969163
0.16932422171602127,0.9867256637168141
0.16856492027334852,0.9866666666666667
0.16780561883067577,0.9866071428571429
0.16704631738800305,0.9865470852017937
0.1662870159453303,0.9864864864864865
0.16552771450265755,0.9864253393665159
0.16476841305998483,0.9863636363636363
0.16400911161731208,0.9863013698630136
0.16324981017463933,0.9862385321100917
0.1624905087319666,0.9861751152073732
0.16173120728929385,0.9861111111111112
0.1609719058466211,0.986046511627907
0.16021260440394836,0.985981308411215
0.15945330296127563,0.9859154929577465
0.15869400151860288,0.9858490566037735
0.15793470007593013,0.985781990521327
0.1571753986332574,0.9857142857142858
0.15641609719058466,0.9856459330143541
0.1556567957479119,0.9855769230769231
0.1548974943052392,0.9855072463768116
0.15413819286256644,0.9854368932038835
0.1533788914198937,0.9853658536585366
0.15261958997722094,0.9852941176470589
0.15186028853454822,0.9852216748768473
0.15186028853454822,0.9900990099009901
0.15110098709187547,0.9900497512437811
0.15034168564920272,0.99
0.14958238420653,0.9899497487437185
0.14882308276385725,0.98989898989899
0.1480637813211845,0.9898477157360406
0.14730447987851178,0.9897959183673469
0.14654517843583903,0.9897435897435898
0.14578587699316628,0.9896907216494846
0.14502657555049356,0.9896373056994818
0.1442672741078208,0.9895833333333334
0.14350797266514806,0.9895287958115183
0.1427486712224753,0.9894736842105263
0.1419893697798026,0.9894179894179894
0.14123006833712984,0.9893617021276596
0.1404707668944571,0.9893048128342246
0.13971146545178437,0.989247311827957
0.13895216400911162,0.9891891891891892
0.13819286256643887,0.9891304347826086
0.13743356112376615,0.9890710382513661
0.1366742596810934,0.989010989010989
0.13591495823842065,0.988950276243094
0.13515565679574792,0.9888888888888889
0.13439635535307518,0.9888268156424581
0.13363705391040243,0.9887640449438202
0.13287775246772968,0.9887005649717514
0.13211845102505695,0.9886363636363636
0.1313591495823842,0.9885714285714285
0.13059984813971146,0.9885057471264368
0.12984054669703873,0.9884393063583815
0.12908124525436598,0.9883720930232558
0.12832194381169323,0.9883040935672515
0.1275626423690205,0.9882352941176471
0.12680334092634776,0.9881656804733728
0.126044039483675,0.9880952380952381
0.1252847380410023,0.9880239520958084
0.12452543659832954,0.9879518072289156
0.12376613515565679,0.9878787878787879
0.12300683371298406,0.9878048780487805
0.12300683371298406,0.9938650306748467
0.12224753227031131,0.9938271604938271
0.12148823082763857,0.9937888198757764
0.12072892938496584,0.99375
0.11996962794229309,0.9937106918238994
0.11921032649962035,0.9936708860759493
0.11845102505694761,0.9936305732484076
0.11769172361427487,0.9935897435897436
0.11693242217160213,0.9935483870967742
0.11617312072892938,0.9935064935064936
0.11541381928625664,0.9934640522875817
0.11465451784358391,0.993421052631579
0.11389521640091116,0.9933774834437086
0.11313591495823842,0.9933333333333333
0.11237661351556567,0.9932885906040269
0.11161731207289294,0.9932432432432432
0.1108580106302202,0.9931972789115646
0.11009870918754745,0.9931506849315068
0.10933940774487472,0.993103448275862
0.10858010630220197,0.9930555555555556
0.10782080485952923,0.993006993006993
0.1070615034168565,0.9929577464788732
0.10630220197418375,0.9929078014184397
0.10554290053151101,0.9928571428571429
0.10478359908883828,0.9928057553956835
0.10402429764616553,0.9927536231884058
0.10326499620349279,0.9927007299270073
0.10250569476082004,0.9926470588235294
0.1017463933181473,0.9925925925925926
0.10098709187547457,0.9925373134328358
0.10022779043280182,0.9924812030075187
0.09946848899012908,0.9924242424242424
0.09870918754745633,0.9923664122137404
0.0979498861047836,0.9923076923076923
0.09719058466211086,0.9922480620155039
0.09643128321943811,0.9921875
0.09567198177676538,0.9921259842519685
0.09491268033409264,0.9920634920634921
0.09415337889141989,0.992
0.09339407744874716,0.9919354838709677
0.0926347760060744,0.991869918699187
0.09187547456340167,0.9918032786885246
0.09111617312072894,0.9917355371900827
0.09035687167805619,0.9916666666666667
0.08959757023538345,0.9915966386554622
0.0888382687927107,0.9915254237288136
0.08807896735003796,0.9914529914529915
0.08731966590736523,0.9913793103448276
0.08656036446469248,0.991304347826087
0.08580106302201974,0.9912280701754386
0.085041761579347,0.9911504424778761
0.08428246013667426,0.9910714285714286
0.08352315869400152,0.990990990990991
0.08276385725132877,0.990909090909091
0.08200455580865604,0.9908256880733946
0.0812452543659833,0.9907407407407407
0.08048595292331055,0.9906542056074766
0.07972665148063782,0.9905660377358491
0.07896735003796507,0.9904761904761905
0.07820804859529233,0.9903846153846154
0.0774487471526196,0.9902912621359223
0.07668944570994685,0.9901960784313726
0.07593014426727411,0.9900990099009901
0.07517084282460136,0.99
0.07441154138192863,0.98989898989899
0.07365223993925589,0.9897959183673469
0.07289293849658314,0.9896907216494846
0.0721336370539104,0.9895833333333334
0.07137433561123765,0.9894736842105263
0.07061503416856492,0.9893617021276596
0.06985573272589218,0.989247311827957
0.06909643128321943,0.9891304347826086
0.0683371298405467,0.989010989010989
0.06757782839787396,0.9888888888888889
0.06681852695520121,0.9887640449438202
0.06605922551252848,0.9886363636363636
0.06529992406985573,0.9885057471264368
0.06454062262718299,0.9883720930232558
0.06378132118451026,0.9882352941176471
0.0630220197418375,0.9880952380952381
0.06226271829916477,0.9879518072289156
0.06150341685649203,0.9878048780487805
0.060744115413819286,0.9876543209876543
0.05998481397114654,0.9875
0.05922551252847381,0.9873417721518988
0.058466211085801065,0.9871794871794872
0.05770690964312832,0.987012987012987
0.05694760820045558,0.9868421052631579
0.05618830675778284,0.9866666666666667
0.0554290053151101,0.9864864864864865
0.05466970387243736,0.9863013698630136
0.053910402429764616,0.9861111111111112
0.05315110098709187,0.9859154929577465
0.05239179954441914,0.9857142857142858
0.051632498101746395,0.9855072463768116
0.05087319665907365,0.9852941176470589
0.05011389521640091,0.9850746268656716
0.04935459377372817,0.9848484848484849
0.04859529233105543,0.9846153846153847
0.04783599088838269,0.984375
0.047076689445709946,0.9841269841269841
0.0463173880030372,0.9838709677419355
0.04555808656036447,0.9836065573770492
0.044798785117691725,0.9833333333333333
0.04403948367501898,0.9830508474576272
0.04328018223234624,0.9827586206896551
0.0425208807896735,0.9824561403508771
0.04176157934700076,0.9821428571428571
0.04100227790432802,0.9818181818181818
0.040242976461655276,0.9814814814814815
0.039483675018982534,0.9811320754716981
0.0387243735763098,0.9807692307692307
0.037965072133637055,0.9803921568627451
0.03720577069096431,0.98
0.03644646924829157,0.9795918367346939
0.03568716780561883,0.9791666666666666
0.03492786636294609,0.9787234042553191
0.03416856492027335,0.9782608695652174
0.033409263477600606,0.9777777777777777
0.032649962034927864,0.9772727272727273
0.03189066059225513,0.9767441860465116
0.031131359149582385,0.9761904761904762
0.030372057706909643,0.975609756097561
0.029612756264236904,0.975
0.02885345482156416,0.9743589743589743
0.02809415337889142,0.9736842105263158
0.02733485193621868,0.972972972972973
0.026575550493545937,0.9722222222222222
0.025816249050873197,0.9714285714285714
0.025056947608200455,0.9705882352941176
0.024297646165527716,0.9696969696969697
0.023538344722854973,0.96875
0.022779043280182234,0.967741935483871
0.02201974183750949,0.9666666666666667
0.02126044039483675,0.9655172413793104
0.02050113895216401,0.9642857142857143
0.019741837509491267,0.9629629629629629
0.018982536066818528,0.9615384615384616
0.018223234624145785,0.96
0.017463933181473046,0.9583333333333334
0.016704631738800303,0.9565217391304348
0.015945330296127564,0.9545454545454546
0.015186028853454821,0.9523809523809523
0.01442672741078208,0.95
0.01366742596810934,0.9473684210526315
0.012908124525436599,0.9444444444444444
0.012148823082763858,0.9411764705882353
0.011389521640091117,0.9375
0.010630220197418374,0.9333333333333333
0.009870918754745633,0.9285714285714286
0.009111617312072893,0.9230769230769231
0.008352315869400152,0.9166666666666666
0.007593014426727411,0.9090909090909091
0.00683371298405467,0.9
0.006074411541381929,0.8888888888888888
0.005315110098709187,0.875
0.004555808656036446,0.8571428571428571
0.0037965072133637054,0.8333333333333334
0.0030372057706909645,0.8
0.0030372057706909645,1.0
0.002277904328018223,1.0
0.0015186028853454822,1.0
0.0007593014426727411,1.0
0.0,1.0
